,Std,Su,Sy,A5,E,G,mu,Ro,Use,category,material_type
0,0,421,124,39.0,207000,79000,0.3,7860,True,3,7
1,0,424,130,37.0,207000,79000,0.3,7860,True,6,7
2,0,386,113,37.0,207000,79000,0.3,7860,True,4,7
3,0,448,133,36.0,207000,79000,0.3,7860,True,3,7
4,0,441,142,35.8,207000,79000,0.3,7860,True,6,7
5,0,395,118,36.5,207000,79000,0.3,7860,True,4,7
6,0,503,148,35.0,207000,79000,0.3,7860,True,3,7
7,0,483,148,34.0,207000,79000,0.3,7860,True,6,7
8,0,450,127,35.0,207000,79000,0.3,7860,True,4,7
9,0,552,141,32.0,207000,79000,0.3,7860,False,3,7
10,0,517,141,32.0,207000,79000,0.3,7860,False,6,7
11,0,464,139,31.0,207000,79000,0.3,7860,True,4,7
12,0,848,242,17.0,207000,79000,0.3,7860,False,4,7
13,0,621,172,25.0,207000,79000,0.3,7860,False,3,7
14,0,590,155,28.0,207000,79000,0.3,7860,False,6,7
15,0,519,145,30.0,207000,79000,0.3,7860,False,4,7
16,0,779,230,19.0,207000,79000,0.3,7860,False,4,7
17,0,724,172,20.0,207000,79000,0.3,7860,False,3,7
18,0,748,179,20.0,207000,79000,0.3,7860,False,6,7
19,0,636,150,23.7,207000,79000,0.3,7860,False,4,7
20,0,979,258,14.0,207000,79000,0.3,7860,False,4,7
21,0,814,197,17.0,207000,79000,0.3,7860,False,3,7
22,0,776,176,18.0,207000,79000,0.3,7860,False,6,7
23,0,626,153,22.5,207000,79000,0.3,7860,False,4,7
24,0,1103,268,13.0,207000,79000,0.3,7860,False,4,7
25,0,965,226,12.0,207000,79000,0.3,7860,False,3,7
26,0,1010,209,11.0,207000,79000,0.3,7860,False,6,7
27,0,615,157,24.7,207000,79000,0.3,7860,False,4,7
28,0,1303,289,12.0,207000,79000,0.3,7860,False,4,7
29,0,965,222,9.0,207000,79000,0.3,7860,False,3,7
30,0,1014,204,9.5,207000,79000,0.3,7860,False,6,7
31,0,657,158,13.0,207000,79000,0.3,7860,False,4,7
32,0,1289,274,10.0,207000,79000,0.3,7860,False,4,7
33,0,487,122,33.0,207000,79000,0.3,7860,True,3,7
34,0,467,121,33.5,207000,79000,0.3,7860,True,6,7
35,0,429,108,32.8,207000,79000,0.3,7860,True,4,7
36,0,521,126,32.0,207000,79000,0.3,7860,False,3,7
37,0,477,128,33.5,207000,79000,0.3,7860,True,6,7
38,0,450,113,34.5,207000,79000,0.3,7860,True,4,7
39,0,627,158,28.0,207000,79000,0.3,7860,False,3,7
40,0,669,165,22.5,207000,79000,0.3,7860,False,6,7
41,0,584,141,26.8,207000,79000,0.3,7860,False,4,7
42,0,1082,285,5.0,207000,79000,0.3,7860,False,4,7
43,0,676,148,22.0,207000,79000,0.3,7860,False,3,7
44,0,707,167,22.7,207000,79000,0.3,7860,False,6,7
45,0,598,145,25.5,207000,79000,0.3,7860,False,4,7
46,0,1634,20,6.0,207000,79000,0.3,7860,False,4,7
47,0,703,176,21.0,207000,79000,0.3,7860,False,3,7
48,0,667,166,21.0,207000,79000,0.3,7860,False,6,7
49,0,584,142,24.8,207000,79000,0.3,7860,False,4,7
50,0,876,236,17.0,207000,79000,0.3,7860,False,4,7
51,0,836,218,22.0,207000,79000,0.3,7860,False,6,7
52,0,703,183,25.5,207000,79000,0.3,7860,False,4,7
53,0,1806,50,11.0,207000,79000,0.3,7860,False,4,7
54,0,891,231,19.7,207000,79000,0.3,7860,False,6,7
55,0,689,177,24.5,207000,79000,0.3,7860,False,4,7
56,0,1027,264,6.0,207000,79000,0.3,7860,False,4,7
57,0,1800,55,12.0,207000,79000,0.3,7860,False,4,7
58,0,669,183,25.5,207000,79000,0.3,7860,False,6,7
59,0,560,149,28.2,207000,79000,0.3,7860,False,4,7
60,0,1627,40,10.0,207000,79000,0.3,7860,False,4,7
61,0,1020,244,17.7,207000,79000,0.3,7860,False,6,7
62,0,655,174,25.7,207000,79000,0.3,7860,False,4,7
63,0,1772,52,8.0,207000,79000,0.3,7860,False,4,7
64,0,1155,259,11.7,207000,79000,0.3,7860,False,6,7
65,0,729,158,20.2,207000,79000,0.3,7860,False,4,7
66,0,1931,61,10.0,207000,79000,0.3,7860,False,4,7
67,0,793,191,20.8,207000,79000,0.3,7860,False,6,7
68,0,579,178,29.0,207000,79000,0.3,7860,False,4,7
69,0,1279,278,12.2,207000,79000,0.3,7860,False,6,7
70,0,745,194,22.0,207000,79000,0.3,7860,False,4,7
71,0,1875,57,10.0,207000,79000,0.3,7860,False,4,7
72,0,574,151,29.0,207000,79000,0.3,7860,False,6,7
73,0,512,153,31.3,207000,79000,0.3,7860,False,4,7
74,0,755,198,24.0,207000,79000,0.3,7860,False,6,7
75,0,681,191,22.3,207000,79000,0.3,7860,False,4,7
76,0,1744,37,9.0,207000,79000,0.3,7860,False,4,7
77,0,1613,45,10.0,207000,79000,0.3,7860,False,4,7
78,0,793,194,22.7,207000,79000,0.3,7860,False,6,7
79,0,572,116,28.6,207000,79000,0.3,7860,False,4,7
80,0,1793,52,9.0,207000,79000,0.3,7860,False,4,7
81,0,870,210,20.7,207000,79000,0.3,7860,False,6,7
82,0,676,147,22.0,207000,79000,0.3,7860,False,4,7
83,0,1944,62,5.0,207000,79000,0.3,7860,False,4,7
84,0,957,211,17.5,207000,79000,0.3,7860,False,6,7
85,0,722,107,17.2,207000,79000,0.3,7860,False,4,7
86,0,2220,66,4.0,207000,79000,0.3,7860,False,4,7
87,0,939,233,21.8,207000,79000,0.3,7860,False,6,7
88,0,667,171,23.0,207000,79000,0.3,7860,False,4,7
89,0,1931,58,8.0,207000,79000,0.3,7860,False,4,7
90,0,633,147,26.3,207000,79000,0.3,7860,False,6,7
91,0,536,160,31.3,207000,79000,0.3,7860,False,4,7
92,0,650,180,23.5,207000,79000,0.3,7860,False,6,7
93,0,564,153,29.0,207000,79000,0.3,7860,False,4,7
94,0,1641,44,9.0,207000,79000,0.3,7860,False,4,7
95,0,1862,56,10.0,207000,79000,0.3,7860,False,4,7
96,0,1024,252,14.0,207000,79000,0.3,7860,False,6,7
97,0,715,161,22.5,207000,79000,0.3,7860,False,4,7
98,0,1937,57,10.0,207000,79000,0.3,7860,False,4,7
99,0,1634,48,13.0,207000,79000,0.3,7860,False,4,7
100,0,929,232,16.0,207000,79000,0.3,7860,False,6,7
101,0,695,173,22.2,207000,79000,0.3,7860,False,4,7
102,0,1999,54,10.0,207000,79000,0.3,7860,False,4,7
103,0,933,223,19.7,207000,79000,0.3,7860,False,6,7
104,0,774,199,21.7,207000,79000,0.3,7860,False,4,7
105,0,2103,76,1.0,207000,79000,0.3,7860,False,4,7
106,0,1758,44,8.0,207000,79000,0.3,7860,False,4,7
107,0,907,221,18.8,207000,79000,0.3,7860,False,6,7
108,0,820,184,17.3,207000,79000,0.3,7860,False,4,7
109,0,793,158,55.0,193000,743000,0.3,8030,False,4,7
110,0,862,207,20.0,193000,743000,0.3,8030,False,6,7
111,0,1034,264,10.0,193000,743000,0.3,8030,False,6,7
112,0,1207,284,5.0,193000,743000,0.3,8030,False,6,7
113,0,1276,287,4.0,193000,743000,0.3,8030,False,6,7
114,0,724,158,55.0,193000,743000,0.3,8030,False,4,7
115,0,862,207,12.0,193000,743000,0.3,8030,False,6,7
116,0,758,107,60.0,193000,743000,0.3,8030,False,4,7
117,0,862,207,25.0,193000,743000,0.3,8030,False,6,7
118,0,1034,264,15.0,193000,743000,0.3,8030,False,6,7
119,0,1207,284,12.0,193000,743000,0.3,8030,False,6,7
120,0,1276,287,8.0,193000,743000,0.3,8030,False,6,7
121,0,621,100,55.0,193000,743000,0.3,8030,False,4,7
123,0,655,107,50.0,193000,743000,0.3,8030,False,4,7
124,0,621,95,50.0,193000,743000,0.3,8030,False,4,7
125,0,586,95,55.0,193000,743000,0.3,8030,False,4,7
126,0,552,78,55.0,193000,743000,0.3,8030,False,4,7
127,0,586,100,55.0,193000,743000,0.3,8030,False,4,7
129,0,621,107,45.0,193000,743000,0.3,8030,False,4,7
130,0,655,107,45.0,193000,743000,0.3,8030,False,4,7
131,0,689,141,45.0,193000,743000,0.3,8030,False,4,7
133,0,538,78,55.0,193000,743000,0.3,8030,False,4,7
134,0,621,107,50.0,193000,743000,0.3,8030,False,4,7
135,0,600,95,55.0,193000,743000,0.3,8030,False,4,7
136,0,634,95,50.0,193000,743000,0.3,8030,False,4,7
138,0,517,107,30.0,200000,769000,0.3,8030,False,4,7
139,0,1310,1,15.0,200000,769000,0.3,8030,False,4,7
140,0,483,107,30.0,200000,769000,0.3,8030,False,4,7
143,0,827,244,17.0,200000,769000,0.3,8030,False,4,7
144,0,1379,4,15.0,200000,769000,0.3,8030,False,4,7
147,0,655,141,25.0,200000,769000,0.3,8030,False,4,7
148,0,1586,31,8.0,200000,769000,0.3,8030,False,4,7
149,0,517,123,30.0,200000,769000,0.3,8030,False,4,7
150,0,552,158,25.0,200000,769000,0.3,8030,False,4,7
151,0,862,244,20.0,200000,769000,0.3,8030,False,4,7
152,0,1413,7,15.0,200000,769000,0.3,8030,False,4,7
153,0,724,172,20.0,200000,769000,0.3,8030,False,4,7
154,0,1793,54,5.0,200000,769000,0.3,8030,False,4,7
155,0,758,186,13.0,200000,769000,0.3,8030,False,4,7
156,0,1965,70,2.0,200000,769000,0.3,8030,False,4,7
157,0,552,141,23.0,200000,769000,0.3,8030,False,4,7
158,0,483,78,28.0,200000,769000,0.3,8030,False,4,7
159,0,483,78,30.0,200000,769000,0.3,8030,False,4,7
160,0,138,34,16.0,80000,32000,0.25,7160,False,5,4
161,0,172,60,16.0,98000,39000,0.25,7160,False,5,4
162,0,207,78,16.0,100000,40000,0.25,7160,False,5,4
163,0,241,95,16.0,110000,44000,0.25,7160,False,5,4
164,0,276,107,16.0,117000,47000,0.25,7160,False,5,4
165,0,345,141,16.0,124000,50000,0.25,7160,False,5,4
166,0,414,172,16.0,137000,55000,0.25,7160,False,5,4
167,0,276,78,16.0,172000,68000,0.27,7160,False,5,4
168,0,414,127,16.0,172000,68000,0.27,7160,True,5,4
169,0,552,179,16.0,172000,68000,0.27,7160,False,5,4
170,0,689,212,16.0,172000,68000,0.27,7160,False,5,4
171,0,414,107,16.0,159000,66000,0.2,7160,False,5,4
172,0,552,150,16.0,159000,66000,0.2,7160,False,5,4
173,0,689,188,16.0,159000,66000,0.2,7160,False,5,4
174,0,827,217,16.0,159000,66000,0.2,7160,False,5,4
175,0,172,234,40.0,108000,40000,0.35,8930,False,5,2
176,0,365,97,11.0,108000,40000,0.35,8930,False,5,2
177,0,352,107,17.0,108000,40000,0.35,8930,False,5,2
178,0,634,192,8.0,108000,40000,0.35,8930,False,5,2
179,0,221,253,35.0,100000,37000,0.34,8500,False,5,2
180,0,241,253,30.0,100000,37000,0.34,8500,False,5,2
181,0,255,13,30.0,100000,37000,0.34,8500,False,5,2
182,0,241,10,25.0,100000,37000,0.34,8500,False,5,2
183,0,241,288,27.0,100000,37000,0.34,8500,False,5,2
184,0,234,288,26.0,100000,37000,0.34,8500,False,5,2
185,0,241,288,28.0,100000,37000,0.34,8500,False,5,2
186,0,241,288,30.0,100000,37000,0.34,8500,False,5,2
187,0,262,281,35.0,100000,37000,0.34,8500,False,5,2
188,0,234,275,35.0,100000,37000,0.34,8500,False,5,2
189,0,414,49,40.0,100000,37000,0.34,8500,False,5,2
190,0,345,21,40.0,100000,37000,0.34,8500,False,5,2
191,0,379,78,15.0,100000,37000,0.34,8500,False,5,2
192,0,655,141,20.0,120000,45000,0.31,8800,False,5,2
193,0,655,133,20.0,120000,45000,0.31,8800,False,5,2
194,0,793,222,15.0,120000,45000,0.31,8800,False,5,2
195,0,448,60,20.0,120000,45000,0.31,8800,False,5,2
196,0,490,72,30.0,120000,45000,0.31,8800,False,5,2
197,0,586,115,20.0,120000,45000,0.31,8800,False,5,2
198,0,565,102,22.0,120000,45000,0.31,8800,False,5,2
199,0,379,60,30.0,120000,45000,0.31,8800,False,5,2
200,0,379,53,30.0,120000,45000,0.31,8800,False,5,2
201,0,462,78,21.0,120000,45000,0.31,8800,False,5,2
202,0,455,85,20.0,120000,45000,0.31,8800,False,5,2
203,0,586,141,25.0,120000,45000,0.31,8800,False,5,2
204,0,483,95,25.0,120000,45000,0.31,8800,False,5,2
205,0,262,10,30.0,120000,45000,0.31,8800,False,5,2
206,0,310,39,30.0,120000,45000,0.31,8800,False,5,2
207,0,310,46,25.0,120000,45000,0.31,8800,False,5,2
208,0,303,46,20.0,120000,45000,0.31,8800,False,5,2
209,0,276,34,15.0,120000,45000,0.31,8800,False,5,2
210,0,221,60,2.0,120000,45000,0.31,8800,False,5,2
211,0,241,60,2.0,120000,45000,0.31,8800,False,5,2
212,0,241,78,0.5,120000,45000,0.31,8800,False,5,2
213,0,303,46,16.0,120000,45000,0.31,8800,False,5,2
215,0,276,34,30.0,120000,45000,0.31,8800,False,5,2
216,0,276,34,25.0,120000,45000,0.31,8800,False,5,2
217,0,303,34,20.0,120000,45000,0.31,8800,False,5,2
218,0,303,34,30.0,120000,45000,0.31,8800,False,5,2
219,0,290,39,20.0,120000,45000,0.31,8800,False,5,2
220,0,276,78,1.0,120000,45000,0.31,8800,False,5,2
221,0,324,65,20.0,120000,45000,0.31,8800,False,5,2
222,0,241,21,20.0,120000,45000,0.31,8800,False,5,2
223,0,221,10,20.0,120000,45000,0.31,8800,False,5,2
226,0,207,10,18.0,120000,45000,0.31,8800,False,5,2
227,0,221,46,7.0,120000,45000,0.31,8800,False,5,2
228,0,186,281,15.0,120000,45000,0.31,8800,False,5,2
229,0,221,10,18.0,120000,45000,0.31,8800,False,5,2
230,0,172,275,12.0,120000,45000,0.31,8800,False,5,2
231,0,345,49,35.0,120000,45000,0.31,8800,False,5,2
232,0,310,49,35.0,120000,45000,0.31,8800,False,5,2
233,0,552,69,35.0,120000,45000,0.32,8800,False,5,3
234,0,517,69,25.0,120000,45000,0.32,8800,False,5,3
235,0,586,95,18.0,120000,45000,0.32,8800,False,5,3
236,0,689,121,12.0,120000,45000,0.32,8800,False,5,3
237,0,517,91,18.0,120000,45000,0.32,8800,False,5,3
238,0,655,123,26.0,120000,45000,0.32,8800,False,5,3
239,0,655,102,25.0,120000,45000,0.32,8800,False,5,3
240,0,310,60,20.0,100000,37000,0.34,8500,False,5,2
241,0,517,158,10.0,100000,37000,0.34,8500,False,5,2
242,0,469,100,28.0,100000,37000,0.34,8500,False,5,2
243,0,758,197,7.0,100000,37000,0.34,8500,False,5,2
244,0,241,13,20.0,100000,37000,0.34,8500,False,5,6
245,0,262,13,20.0,100000,37000,0.34,8500,False,5,6
246,0,310,53,20.0,100000,37000,0.34,8500,False,5,6
247,0,379,78,15.0,100000,37000,0.34,8500,False,5,6
248,0,655,158,2.0,100000,37000,0.34,8500,False,5,0
249,0,455,91,25.0,100000,37000,0.34,8500,False,5,0
250,0,483,107,12.0,100000,37000,0.34,8500,False,5,0
251,0,379,60,25.0,100000,37000,0.34,8500,False,5,0
252,0,448,85,30.0,100000,37000,0.34,8500,False,5,0
253,0,221,253,55.0,108000,40000,0.35,8930,False,5,2
254,0,200,169,54.0,108000,40000,0.35,8930,False,5,2
255,0,276,21,40.0,108000,40000,0.35,8930,False,5,2
256,0,359,121,27.0,108000,40000,0.35,8930,False,5,2
257,0,441,153,25.0,108000,40000,0.35,8930,False,5,2
258,0,483,186,22.0,108000,40000,0.35,8930,False,5,2
259,0,241,195,57.0,108000,40000,0.35,8930,False,5,2
260,0,276,288,53.0,108000,40000,0.35,8930,False,5,2
261,0,483,85,45.0,108000,40000,0.35,8930,False,5,2
262,0,469,60,48.0,108000,40000,0.35,8930,False,5,2
263,0,310,60,28.0,108000,40000,0.35,8930,False,5,2
264,0,234,288,40.0,108000,40000,0.35,8930,False,5,2
265,0,262,234,48.0,108000,40000,0.35,8930,False,5,2
266,0,262,34,50.0,108000,40000,0.35,8930,False,5,2
267,0,248,253,27.0,108000,40000,0.35,8930,False,5,2
268,0,255,265,40.0,108000,40000,0.35,8930,False,5,2
269,0,310,53,32.0,108000,40000,0.35,8930,False,5,2
270,0,552,186,15.0,108000,40000,0.35,8930,False,5,2
271,0,234,253,45.0,108000,40000,0.35,8930,False,5,2
272,0,255,253,50.0,105000,40000,0.32,8800,False,5,2
273,0,269,253,55.0,105000,40000,0.32,8800,False,5,2
274,0,290,275,55.0,105000,40000,0.32,8800,False,5,2
275,0,303,265,66.0,105000,40000,0.32,8800,False,5,2
276,0,317,288,65.0,105000,40000,0.32,8800,False,5,2
277,0,372,39,52.0,105000,40000,0.32,8800,False,5,2
278,0,255,275,45.0,105000,40000,0.32,8800,False,5,2
279,0,324,2,60.0,105000,40000,0.32,8800,False,5,2
280,0,338,13,52.0,105000,40000,0.32,8800,False,5,2
281,0,310,281,66.0,105000,40000,0.32,8800,False,5,2
282,0,372,34,45.0,105000,40000,0.32,8800,False,6,2
283,0,414,34,30.0,105000,40000,0.32,8800,False,6,2
284,0,269,275,49.0,105000,40000,0.32,8800,False,5,2
285,0,290,281,43.0,105000,40000,0.32,8800,False,5,2
286,0,269,265,43.0,105000,40000,0.32,8800,False,5,2
287,0,283,275,45.0,105000,40000,0.32,8800,False,5,2
288,0,317,13,44.0,105000,40000,0.32,8800,False,5,2
289,0,296,2,46.0,105000,40000,0.32,8800,False,5,2
290,0,310,21,49.0,105000,40000,0.32,8800,False,5,2
291,0,317,21,55.0,105000,40000,0.32,8800,False,5,2
292,0,310,2,49.0,105000,40000,0.32,8800,False,5,2
293,0,317,10,46.0,105000,40000,0.32,8800,False,5,2
294,0,331,21,65.0,105000,40000,0.32,8800,False,5,2
295,0,379,60,50.0,105000,40000,0.32,8800,False,5,2
296,0,386,60,43.0,105000,40000,0.32,8800,False,5,2
297,0,393,60,40.0,105000,40000,0.32,8800,False,5,2
298,0,276,288,48.0,105000,40000,0.32,8800,False,5,2
299,0,324,28,64.0,105000,40000,0.32,8800,False,5,2
300,0,317,141,48.0,105000,40000,0.32,8800,False,5,2
301,0,379,53,70.0,105000,40000,0.32,8800,False,5,2
302,0,455,72,70.0,105000,40000,0.32,8800,False,5,2
303,0,303,28,50.0,105000,40000,0.32,8800,False,5,2
304,0,414,69,55.0,105000,40000,0.32,8800,False,5,2
305,0,359,13,45.0,105000,40000,0.32,8800,False,5,2
306,0,483,78,42.0,105000,40000,0.32,8800,False,5,2
307,0,524,89,45.0,105000,40000,0.32,8800,False,5,2
308,0,483,46,55.0,105000,40000,0.32,8800,False,5,2
309,0,552,104,28.0,105000,40000,0.32,8800,False,5,2
310,0,634,136,30.0,105000,40000,0.32,8800,False,5,2
311,0,517,95,35.0,105000,40000,0.32,8800,False,5,2
312,0,621,107,18.0,105000,40000,0.32,8800,False,5,2
313,0,689,158,21.0,105000,40000,0.32,8800,False,6,2
314,0,621,141,20.0,105000,40000,0.32,8800,False,5,2
315,0,621,123,25.0,105000,40000,0.32,8800,False,5,2
316,0,565,153,36.0,105000,40000,0.32,8800,False,5,2
317,0,517,95,32.0,105000,40000,0.32,8800,False,5,2
318,0,276,2,55.0,105000,40000,0.32,8800,False,5,2
319,0,386,39,63.0,105000,40000,0.32,8800,False,5,2
320,0,316,275,60.0,105000,40000,0.32,8800,False,5,2
321,0,483,91,28.0,105000,40000,0.32,8800,False,5,2
322,0,448,78,33.0,105000,40000,0.32,8800,False,5,2
324,0,565,158,36.0,105000,40000,0.32,8800,False,5,2
325,0,565,148,35.0,105000,40000,0.32,8800,False,5,2
326,0,552,107,25.0,105000,40000,0.32,8800,False,5,2
327,0,262,107,46.0,105000,40000,0.32,8800,False,5,2
328,0,303,10,42.0,105000,40000,0.32,8800,False,5,2
329,0,338,281,40.0,105000,40000,0.32,8800,False,5,2
330,0,372,34,45.0,105000,40000,0.32,8800,False,5,2
331,0,317,21,46.0,105000,40000,0.32,8800,False,5,2
332,0,379,46,35.0,105000,40000,0.32,8800,False,5,2
333,0,345,2,37.0,105000,40000,0.32,8800,False,5,2
334,0,338,21,50.0,105000,40000,0.32,8800,False,5,2
335,0,386,60,45.0,105000,40000,0.32,8800,False,5,2
336,0,365,21,43.0,105000,40000,0.32,8800,False,5,2
337,0,359,21,48.0,105000,40000,0.32,8800,False,5,2
338,0,621,226,6.0,105000,40000,0.32,8800,False,5,2
339,0,414,69,40.0,105000,40000,0.32,8800,False,5,2
340,0,365,49,40.0,105000,40000,0.32,8800,False,5,2
341,0,414,141,3.0,73000,26000,0.33,2700,False,0,1
342,0,310,72,6.0,73000,26000,0.33,2700,False,0,1
343,0,131,275,1.5,73000,26000,0.33,2700,False,0,1
344,0,221,34,16.0,73000,26000,0.33,2700,False,0,1
345,0,165,281,1.0,73000,26000,0.33,2700,False,0,1
346,0,200,281,6.0,73000,26000,0.33,2700,False,0,1
347,0,221,34,3.0,73000,26000,0.33,2700,False,0,1
348,0,248,72,16.0,73000,26000,0.33,2700,False,0,1
349,0,200,10,3.0,73000,26000,0.33,2700,False,0,1
350,0,159,281,1.5,73000,26000,0.33,2700,False,0,1
351,0,214,34,1.5,73000,26000,0.33,2700,False,0,1
352,0,172,288,1.0,73000,26000,0.33,2700,False,0,1
353,0,234,39,1.0,73000,26000,0.33,2700,False,0,1
354,0,172,21,16.0,73000,26000,0.33,2700,False,0,1
355,0,221,34,2.0,73000,26000,0.33,2700,False,0,1
356,0,207,46,16.0,73000,26000,0.33,2700,False,0,1
357,0,248,60,2.5,73000,26000,0.33,2700,False,0,1
358,0,159,10,16.0,73000,26000,0.33,2700,False,0,1
359,0,207,34,3.0,73000,26000,0.33,2700,False,0,1
360,0,214,75,16.0,73000,26000,0.33,2700,False,0,1
361,0,172,21,3.0,73000,26000,0.33,2700,False,0,1
362,0,234,53,3.5,73000,26000,0.33,2700,False,0,1
363,0,117,195,3.0,73000,26000,0.33,2700,False,0,1
364,0,117,169,3.0,73000,26000,0.33,2700,False,0,1
365,0,117,253,16.0,73000,26000,0.33,2700,False,0,1
366,0,152,234,6.0,73000,26000,0.33,2700,False,0,1
367,0,290,46,12.0,73000,26000,0.33,2700,False,0,1
368,0,241,21,9.0,73000,26000,0.33,2700,False,0,1
369,0,207,13,5.0,73000,26000,0.33,2700,False,0,1
370,0,228,46,2.0,73000,26000,0.33,2700,False,0,1
371,0,255,78,1.0,73000,26000,0.33,2700,False,0,1
373,0,234,60,4.0,73000,26000,0.33,2700,False,0,1
374,0,221,46,3.0,73000,26000,0.33,2700,False,0,1
375,0,290,102,1.5,73000,26000,0.33,2700,False,0,1
376,0,221,69,3.0,73000,26000,0.33,2700,False,0,1
377,0,248,78,1.5,73000,26000,0.33,2700,False,0,1
378,0,248,69,1.5,73000,26000,0.33,2700,False,0,1
379,0,290,95,5.0,73000,26000,0.33,2700,False,0,1
380,0,331,123,2.0,73000,26000,0.33,2700,False,0,1
381,0,165,21,16.0,73000,26000,0.33,2700,False,0,1
382,0,69,109,43.0,73000,26000,0.33,2700,False,3,1
383,0,83,265,16.0,73000,26000,0.33,2700,False,3,1
384,0,97,281,12.0,73000,26000,0.33,2700,False,3,1
385,0,110,2,8.0,73000,26000,0.33,2700,False,3,1
386,0,131,21,6.0,73000,26000,0.33,2700,False,3,1
387,0,90,137,35.0,73000,26000,0.33,2700,False,3,1
388,0,110,2,12.0,73000,26000,0.33,2700,False,3,1
389,0,124,13,9.0,73000,26000,0.33,2700,False,3,1
390,0,145,34,6.0,73000,26000,0.33,2700,False,3,1
391,0,165,46,5.0,73000,26000,0.33,2700,False,3,1
392,0,83,109,16.0,73000,26000,0.33,2700,False,3,1
393,0,97,275,16.0,73000,26000,0.33,2700,False,3,1
394,0,110,288,16.0,73000,26000,0.33,2700,False,3,1
395,0,124,10,16.0,73000,26000,0.33,2700,False,3,1
396,0,186,53,16.0,73000,26000,0.33,2700,False,3,1
397,0,379,119,15.0,73000,26000,0.33,2700,False,3,1
398,0,407,123,12.0,73000,26000,0.33,2700,False,3,1
399,0,186,288,18.0,73000,26000,0.33,2700,False,3,1
400,0,427,115,20.0,73000,26000,0.33,2700,False,3,1
402,0,483,172,13.0,73000,26000,0.33,2700,False,3,1
404,0,172,253,21.0,73000,26000,0.33,2700,False,3,1
405,0,434,107,20.0,73000,26000,0.33,2700,False,3,1
406,0,421,100,22.0,73000,26000,0.33,2700,False,3,1
408,0,469,172,10.0,73000,26000,0.33,2700,False,3,1
410,0,179,253,22.0,73000,26000,0.33,2700,False,3,1
411,0,427,107,22.0,73000,26000,0.33,2700,False,3,1
413,0,421,127,12.0,73000,26000,0.33,2700,False,3,1
414,0,186,265,20.0,73000,26000,0.33,2700,False,3,1
415,0,483,141,18.0,73000,26000,0.33,2700,False,3,1
416,0,469,130,20.0,73000,26000,0.33,2700,False,3,1
418,0,496,164,13.0,73000,26000,0.33,2700,False,3,1
419,0,179,265,20.0,73000,26000,0.33,2700,False,3,1
420,0,448,123,18.0,73000,26000,0.33,2700,False,3,1
421,0,441,115,19.0,73000,26000,0.33,2700,False,3,1
423,0,462,150,11.0,73000,26000,0.33,2700,False,3,1
424,0,448,172,6.0,73000,26000,0.33,2700,False,3,1
426,0,483,188,6.0,73000,26000,0.33,2700,False,3,1
427,0,400,100,19.0,73000,26000,0.33,2700,False,3,1
428,0,338,72,24.0,73000,26000,0.33,2700,False,3,1
429,0,296,53,27.0,73000,26000,0.33,2700,False,3,1
430,0,331,100,11.0,73000,26000,0.33,2700,False,3,1
431,0,172,265,18.0,73000,26000,0.33,2700,False,3,1
432,0,359,69,20.0,73000,26000,0.33,2700,False,3,1
433,0,359,97,17.0,73000,26000,0.33,2700,False,3,1
435,0,393,127,11.0,73000,26000,0.33,2700,False,3,1
436,0,414,115,10.0,73000,26000,0.33,2700,False,3,1
437,0,455,144,10.0,73000,26000,0.33,2700,False,3,1
439,0,476,164,10.0,73000,26000,0.33,2700,False,3,1
440,0,110,169,30.0,73000,26000,0.33,2700,False,3,1
441,0,131,21,10.0,73000,26000,0.33,2700,False,3,1
442,0,152,39,8.0,73000,26000,0.33,2700,False,3,1
443,0,179,60,5.0,73000,26000,0.33,2700,False,3,1
444,0,200,69,4.0,73000,26000,0.33,2700,False,3,1
450,0,179,253,20.0,73000,26000,0.33,2700,False,3,1
451,0,214,60,10.0,73000,26000,0.33,2700,False,3,1
452,0,241,75,9.0,73000,26000,0.33,2700,False,3,1
453,0,262,89,5.0,73000,26000,0.33,2700,False,3,1
454,0,283,97,5.0,73000,26000,0.33,2700,False,3,1
460,0,117,215,24.0,73000,26000,0.33,2700,False,3,1
461,0,152,28,7.0,73000,26000,0.33,2700,False,3,1
462,0,172,46,5.0,73000,26000,0.33,2700,False,3,1
463,0,193,60,4.0,73000,26000,0.33,2700,False,3,1
464,0,214,72,3.0,73000,26000,0.33,2700,False,3,1
465,0,179,49,8.0,73000,26000,0.33,2700,False,3,1
466,0,379,127,9.0,73000,26000,0.33,2700,False,3,1
467,0,124,169,25.0,73000,26000,0.33,2700,False,3,1
468,0,138,28,10.0,73000,26000,0.33,2700,False,3,1
469,0,159,46,6.0,73000,26000,0.33,2700,False,3,1
471,0,200,72,4.0,73000,26000,0.33,2700,False,3,1
472,0,138,13,11.0,73000,26000,0.33,2700,False,3,1
473,0,159,34,8.0,73000,26000,0.33,2700,False,3,1
474,0,179,53,6.0,73000,26000,0.33,2700,False,3,1
475,0,200,69,5.0,73000,26000,0.33,2700,False,3,1
476,0,145,215,24.0,73000,26000,0.33,2700,False,3,1
477,0,172,39,9.0,73000,26000,0.33,2700,False,3,1
478,0,193,53,8.0,73000,26000,0.33,2700,False,3,1
479,0,207,65,7.0,73000,26000,0.33,2700,False,3,1
480,0,221,75,6.0,73000,26000,0.33,2700,False,3,1
481,0,193,281,25.0,73000,26000,0.33,2700,False,3,1
482,0,228,72,12.0,73000,26000,0.33,2700,False,3,1
483,0,262,81,10.0,73000,26000,0.33,2700,False,3,1
484,0,276,95,8.0,73000,26000,0.33,2700,False,3,1
485,0,290,100,7.0,73000,26000,0.33,2700,False,3,1
486,0,290,46,35.0,73000,26000,0.33,2700,False,3,1
487,0,434,168,10.0,73000,26000,0.33,2700,False,3,1
488,0,414,141,15.0,73000,26000,0.33,2700,False,3,1
489,0,290,39,22.0,73000,26000,0.33,2700,False,3,1
490,0,317,89,16.0,73000,26000,0.33,2700,False,3,1
492,0,262,13,22.0,73000,26000,0.33,2700,False,3,1
493,0,290,78,12.0,73000,26000,0.33,2700,False,3,1
494,0,324,100,10.0,73000,26000,0.33,2700,False,3,1
495,0,269,28,14.0,73000,26000,0.33,2700,False,3,1
497,0,241,13,27.0,73000,26000,0.33,2700,False,3,1
498,0,269,78,15.0,73000,26000,0.33,2700,False,3,1
499,0,290,89,13.0,73000,26000,0.33,2700,False,3,1
500,0,310,97,12.0,73000,26000,0.33,2700,False,3,1
501,0,331,104,10.0,73000,26000,0.33,2700,False,3,1
502,0,241,13,25.0,73000,26000,0.33,2700,False,3,1
503,0,234,60,11.0,73000,26000,0.33,2700,False,3,1
504,0,283,95,5.0,73000,26000,0.33,2700,False,3,1
512,0,248,13,22.0,73000,26000,0.33,2700,False,3,1
513,0,276,78,10.0,73000,26000,0.33,2700,False,3,1
514,0,303,95,10.0,73000,26000,0.33,2700,False,3,1
515,0,262,65,14.0,73000,26000,0.33,2700,False,3,1
516,0,248,21,18.0,73000,26000,0.33,2700,False,3,1
517,0,310,49,24.0,73000,26000,0.33,2700,False,3,1
518,0,310,53,22.0,73000,26000,0.33,2700,False,3,1
519,0,352,100,16.0,73000,26000,0.33,2700,False,3,1
521,0,131,195,22.0,73000,26000,0.33,2700,False,3,1
522,0,179,49,12.0,73000,26000,0.33,2700,False,3,1
523,0,207,69,6.0,73000,26000,0.33,2700,False,3,1
530,0,159,34,12.0,73000,26000,0.33,2700,False,3,1
531,0,193,53,7.0,73000,26000,0.33,2700,False,3,1
533,0,124,215,25.0,73000,26000,0.33,2700,False,3,1
534,0,241,39,22.0,73000,26000,0.33,2700,False,3,1
536,0,310,107,12.0,73000,26000,0.33,2700,False,3,1
538,0,117,195,25.0,73000,26000,0.33,2700,False,3,1
539,0,228,28,22.0,73000,26000,0.33,2700,False,3,1
541,0,290,100,12.0,73000,26000,0.33,2700,False,3,1
543,0,90,195,16.0,73000,26000,0.33,2700,False,3,1
544,0,152,281,20.0,73000,26000,0.33,2700,False,3,1
545,0,172,281,22.0,73000,26000,0.33,2700,False,3,1
546,0,186,39,12.0,73000,26000,0.33,2700,False,3,1
547,0,241,81,12.0,73000,26000,0.33,2700,False,3,1
548,0,255,95,9.0,73000,26000,0.33,2700,False,3,1
549,0,207,69,10.0,73000,26000,0.33,2700,False,3,1
550,0,290,104,12.0,73000,26000,0.33,2700,False,3,1
551,0,152,275,18.0,73000,26000,0.33,2700,False,3,1
552,0,359,78,18.0,73000,26000,0.33,2700,False,3,1
554,0,393,148,12.0,73000,26000,0.33,2700,False,3,1
556,0,379,144,10.0,73000,26000,0.33,2700,False,3,1
557,0,97,265,16.0,73000,26000,0.33,2700,False,3,1
558,0,221,72,15.0,73000,26000,0.33,2700,False,3,1
559,0,400,158,10.0,73000,26000,0.33,2700,False,3,1
560,0,248,46,20.0,73000,26000,0.33,2700,False,3,1
561,0,310,112,14.0,73000,26000,0.33,2700,False,3,1
565,0,517,186,12.0,73000,26000,0.33,2700,False,3,1
566,0,517,182,11.0,73000,26000,0.33,2700,False,3,1
567,0,496,182,12.0,73000,26000,0.33,2700,False,3,1
568,0,524,192,11.0,73000,26000,0.33,2700,False,3,1
569,0,552,200,11.0,73000,26000,0.33,2700,False,3,1
570,0,228,2,17.0,73000,26000,0.33,2700,False,3,1
571,0,572,205,11.0,73000,26000,0.33,2700,False,3,1
573,0,221,288,17.0,73000,26000,0.33,2700,False,3,1
574,0,524,190,11.0,73000,26000,0.33,2700,False,3,1
576,0,228,2,15.0,73000,26000,0.33,2700,False,3,1
577,0,607,212,10.0,73000,26000,0.33,2700,False,3,1
579,0,572,205,10.0,73000,26000,0.33,2700,False,3,1
581,0,221,288,16.0,73000,26000,0.33,2700,False,3,1
582,0,558,200,10.0,73000,26000,0.33,2700,False,3,1
584,0,117,288,15.0,73000,26000,0.33,2700,False,3,1
585,0,276,46,1.0,73000,26000,0.33,1750,False,0,5
586,0,276,288,12.0,73000,26000,0.33,1750,False,0,5
587,0,276,275,15.0,73000,26000,0.33,1750,False,0,5
588,0,276,39,6.0,73000,26000,0.33,1750,False,0,5
590,0,276,46,3.0,73000,26000,0.33,1750,False,0,5
591,0,159,10,3.0,73000,26000,0.33,1750,False,0,5
592,0,221,2,8.0,73000,26000,0.33,1750,False,0,5
593,0,186,281,4.0,73000,26000,0.33,1750,False,0,5
594,0,179,215,19.0,73000,26000,0.33,1750,False,0,5
595,0,262,72,3.0,73000,26000,0.33,1750,False,0,5
596,0,276,78,4.0,73000,26000,0.33,1750,False,0,5
597,0,207,34,4.0,73000,26000,0.33,1750,False,0,5
598,0,303,72,10.0,73000,26000,0.33,1750,False,0,5
599,0,241,46,4.0,73000,26000,0.33,1750,False,0,5
601,0,310,72,10.0,73000,26000,0.33,1750,False,0,5
602,0,276,75,4.0,73000,26000,0.33,1750,False,0,5
603,0,234,49,3.0,73000,26000,0.33,1750,False,0,5
606,0,221,28,8.0,73000,26000,0.33,1750,False,0,5
608,0,214,34,6.0,73000,26000,0.33,1750,False,0,5
609,0,241,39,10.0,73000,26000,0.33,1750,False,6,5
610,0,262,75,15.0,73000,26000,0.33,1750,False,6,5
612,0,310,89,16.0,73000,26000,0.33,1750,False,6,5
613,0,379,107,7.0,73000,26000,0.33,1750,False,6,5
614,0,290,89,10.0,73000,26000,0.33,1750,False,6,5
615,0,255,65,12.0,73000,26000,0.33,1750,False,6,5
616,0,276,100,4.0,73000,26000,0.33,1750,False,6,5
617,0,352,112,11.0,73000,26000,0.33,1750,False,6,5
618,0,290,85,15.0,73000,26000,0.33,1750,False,5,5
620,0,262,78,9.0,73000,26000,0.33,1750,False,5,5
621,0,234,60,11.0,73000,26000,0.33,1750,False,5,5
622,5,380,90,9.0,206000,80000,0.3,7860,False,5,7
623,5,360,86,9.0,206000,80000,0.3,7860,False,5,7
624,5,600,159,16.0,206000,80000,0.3,7860,False,5,7
625,5,270,111,28.0,206000,80000,0.3,7860,False,5,7
626,5,270,94,34.0,206000,80000,0.3,7860,False,5,7
627,5,270,80,38.0,206000,80000,0.3,7860,False,5,7
628,5,360,86,25.0,206000,80000,0.3,7860,False,5,7
630,5,340,86,26.0,206000,80000,0.3,7860,False,5,7
631,5,340,86,25.0,206000,80000,0.3,7860,False,5,7
634,5,410,86,23.0,206000,80000,0.3,7860,False,5,7
635,5,410,103,22.0,206000,80000,0.3,7860,True,5,7
638,5,490,141,22.0,206000,80000,0.3,7860,True,5,7
642,5,410,100,22.0,206000,80000,0.3,7860,True,5,7
643,5,510,141,21.0,206000,80000,0.3,7860,False,5,7
644,5,470,114,20.0,206000,80000,0.3,7860,True,5,7
645,5,570,131,16.0,206000,80000,0.3,7860,False,5,7
646,5,690,146,11.0,206000,80000,0.3,7860,False,5,7
647,5,420,120,16.0,206000,80000,0.3,7860,True,5,7
648,5,440,138,11.0,206000,80000,0.3,7860,True,5,7
649,5,470,115,22.0,206000,80000,0.3,7860,True,5,7
650,5,500,129,21.0,206000,80000,0.3,7860,True,5,7
651,5,550,143,20.0,206000,80000,0.3,7860,False,5,7
653,5,630,166,18.0,206000,80000,0.3,7860,False,5,7
654,5,650,181,16.0,206000,80000,0.3,7860,False,4,7
655,5,700,189,15.0,206000,80000,0.3,7860,False,4,7
656,5,750,200,14.0,206000,80000,0.3,7860,False,4,7
657,5,800,208,13.0,206000,80000,0.3,7860,False,4,7
658,5,460,115,22.0,206000,80000,0.3,7860,True,5,7
659,5,700,200,15.0,206000,80000,0.3,7860,False,4,7
660,5,580,138,14.0,206000,80000,0.3,7860,False,5,7
661,5,800,229,14.0,206000,80000,0.3,7860,False,4,7
662,5,850,237,13.0,206000,80000,0.3,7860,False,4,7
663,5,900,245,12.0,206000,80000,0.3,7860,False,4,7
664,5,900,248,10.0,206000,80000,0.3,7860,False,7,7
665,5,980,248,8.0,206000,80000,0.3,7860,False,7,7
666,5,440,105,24.0,206000,80000,0.3,7860,True,5,7
667,5,450,118,20.0,206000,80000,0.3,7860,True,5,7
668,5,800,231,14.0,206000,80000,0.3,7860,False,4,7
669,5,900,243,12.0,206000,80000,0.3,7860,False,4,7
670,5,1000,267,11.0,206000,80000,0.3,7860,False,4,7
673,5,900,255,11.0,206000,80000,0.3,7860,False,7,7
674,5,480,120,18.0,206000,80000,0.3,7860,True,5,7
675,5,520,123,18.0,206000,80000,0.3,7860,False,5,7
676,5,835,229,12.0,206000,80000,0.3,7860,False,7,7
677,5,490,146,22.0,206000,80000,0.3,7860,True,5,7
678,5,1100,282,10.0,206000,80000,0.3,7860,False,4,7
679,5,1250,6,9.0,206000,80000,0.3,7860,False,4,7
680,5,530,162,20.0,206000,80000,0.3,7860,False,5,7
681,5,680,225,18.0,206000,80000,0.3,7860,False,5,7
682,5,400,90,20.0,206000,80000,0.3,7860,False,5,7
683,5,650,187,15.0,206000,80000,0.3,7860,False,5,7
684,5,700,204,13.0,206000,80000,0.3,7860,False,5,7
685,5,850,243,10.0,206000,80000,0.3,7860,False,5,7
686,5,400,93,20.0,206000,80000,0.3,7860,False,5,7
687,5,800,231,14.0,206000,80000,0.3,7860,False,5,7
688,5,500,71,45.0,206000,80000,0.3,7860,False,5,7
689,5,500,71,35.0,206000,80000,0.3,7860,False,5,7
690,5,500,71,40.0,206000,80000,0.3,7860,False,5,7
691,5,460,67,45.0,206000,80000,0.3,7860,False,5,7
692,5,550,105,40.0,206000,80000,0.3,7860,False,5,7
693,5,500,75,40.0,206000,80000,0.3,7860,False,5,7
698,5,580,110,40.0,206000,80000,0.3,7860,False,5,7
700,5,650,187,25.0,206000,80000,0.3,7860,False,5,7
701,5,680,129,45.0,206000,80000,0.3,7860,False,5,7
702,5,150,43,16.0,85000,34000,0.25,7160,False,5,4
703,5,200,75,16.0,85000,34000,0.25,7160,False,5,4
704,5,250,98,16.0,85000,34000,0.25,7160,False,5,4
705,5,300,120,16.0,85000,34000,0.25,7160,False,5,4
706,5,350,143,16.0,85000,34000,0.25,7160,False,5,4
707,5,500,129,16.0,169000,70000,0.2,7160,False,5,4
708,5,600,152,16.0,169000,70000,0.2,7160,False,5,4
709,5,700,175,16.0,169000,70000,0.2,7160,False,5,4
710,5,800,196,16.0,169000,70000,0.2,7160,False,5,4
711,5,400,67,4.0,160000,64000,0.27,7160,False,5,4
712,5,500,101,4.0,160000,64000,0.27,7160,False,5,4
713,3,460,156,8.0,206000,80000,0.3,7860,True,5,7
714,3,460,146,9.0,206000,80000,0.3,7860,True,5,7
715,3,580,150,16.0,206000,80000,0.3,7860,False,5,7
716,3,270,99,34.0,206000,80000,0.3,7860,False,5,7
717,3,270,80,38.0,206000,80000,0.3,7860,False,5,7
718,3,270,111,28.0,206000,80000,0.3,7860,False,5,7
719,3,330,73,28.0,206000,80000,0.3,7860,False,5,7
720,3,410,129,6.0,206000,80000,0.3,7860,True,5,7
721,3,350,86,25.0,206000,80000,0.3,7860,False,5,7
722,3,360,86,25.0,206000,80000,0.3,7860,False,5,7
723,3,340,86,26.0,206000,80000,0.3,7860,False,5,7
724,3,440,143,6.0,206000,80000,0.3,7860,True,5,7
727,3,410,100,23.0,206000,80000,0.3,7860,True,5,7
728,3,410,103,22.0,206000,80000,0.3,7860,True,5,7
729,3,420,103,21.0,206000,80000,0.3,7860,True,5,7
731,3,470,114,20.0,206000,80000,0.3,7860,True,5,7
732,3,490,141,22.0,206000,80000,0.3,7860,True,5,7
733,3,500,141,21.0,206000,80000,0.3,7860,True,5,7
734,3,590,193,4.0,206000,80000,0.3,7860,False,5,7
735,3,570,131,16.0,206000,80000,0.3,7860,False,5,7
736,3,670,146,11.0,206000,80000,0.3,7860,False,5,7
737,3,440,106,16.0,206000,80000,0.3,7860,True,7,7
738,3,495,118,16.0,206000,80000,0.3,7860,True,7,7
739,3,500,120,22.0,206000,80000,0.3,7860,True,5,7
740,3,500,129,21.0,206000,80000,0.3,7860,True,5,7
741,3,550,143,20.0,206000,80000,0.3,7860,False,5,7
742,3,600,152,19.0,206000,80000,0.3,7860,False,5,7
743,3,580,149,19.0,206000,80000,0.3,7860,False,5,7
744,3,630,166,18.0,206000,80000,0.3,7860,False,4,7
745,3,535,129,16.0,206000,80000,0.3,7860,False,6,7
746,3,650,181,16.0,206000,80000,0.3,7860,False,4,7
747,3,660,170,16.0,206000,80000,0.3,7860,False,5,7
748,3,700,189,15.0,206000,80000,0.3,7860,False,7,7
749,3,690,181,14.0,206000,80000,0.3,7860,False,5,7
750,3,750,204,14.0,206000,80000,0.3,7860,False,4,7
751,3,680,166,13.0,206000,80000,0.3,7860,False,6,7
752,3,800,208,13.0,206000,80000,0.3,7860,False,4,7
753,3,800,208,13.0,206000,80000,0.3,7860,False,6,7
754,3,460,115,22.0,206000,80000,0.3,7860,True,5,7
755,3,690,200,15.0,206000,80000,0.3,7860,False,5,7
756,3,590,138,13.0,206000,80000,0.3,7860,False,5,7
757,3,800,229,14.0,206000,80000,0.3,7860,False,5,7
758,3,850,237,13.0,206000,80000,0.3,7860,False,4,7
759,3,850,237,13.0,206000,80000,0.3,7860,False,7,7
760,3,1700,27,13.0,206000,80000,0.3,7860,False,6,7
761,3,830,237,13.0,206000,80000,0.3,7860,False,5,7
762,3,900,245,12.0,206000,80000,0.3,7860,False,5,7
763,3,880,247,12.0,206000,80000,0.3,7860,False,5,7
764,3,850,237,13.0,206000,80000,0.3,7860,False,5,7
765,3,880,246,12.0,206000,80000,0.3,7860,False,5,7
766,3,1450,24,6.0,206000,80000,0.3,7860,False,4,7
767,3,900,248,10.0,206000,80000,0.3,7860,False,7,7
768,3,980,248,8.0,206000,80000,0.3,7860,False,5,7
769,3,1370,16,7.0,206000,80000,0.3,7860,False,4,7
770,3,440,105,24.0,206000,80000,0.3,7860,True,5,7
771,3,450,118,20.0,206000,80000,0.3,7860,True,5,7
773,3,800,231,14.0,206000,80000,0.3,7860,False,5,7
774,3,900,243,12.0,206000,80000,0.3,7860,False,5,7
775,3,1000,263,11.0,206000,80000,0.3,7860,False,5,7
776,3,980,266,11.0,206000,80000,0.3,7860,False,5,7
777,3,880,254,12.0,206000,80000,0.3,7860,False,5,7
778,3,800,231,16.0,206000,80000,0.3,7860,False,4,7
779,3,980,277,16.0,206000,80000,0.3,7860,False,4,7
780,3,980,277,16.0,206000,80000,0.3,7860,False,7,7
781,3,1370,16,8.0,206000,80000,0.3,7860,False,4,7
782,3,480,120,18.0,206000,80000,0.3,7860,True,5,7
783,3,930,260,12.0,206000,80000,0.3,7860,False,5,7
784,3,1230,3,9.0,206000,80000,0.3,7860,False,5,7
786,3,1080,269,8.0,206000,80000,0.3,7860,False,5,7
787,3,490,146,22.0,206000,80000,0.3,7860,True,5,7
788,3,1100,282,10.0,206000,80000,0.3,7860,False,5,7
789,3,1250,6,9.0,206000,80000,0.3,7860,False,5,7
790,3,530,162,20.0,206000,80000,0.3,7860,False,5,7
791,3,680,225,18.0,206000,80000,0.3,7860,False,5,7
792,3,400,98,20.0,206000,80000,0.3,7860,False,5,7
793,3,450,105,20.0,206000,80000,0.3,7860,True,5,7
794,3,600,175,18.0,206000,80000,0.3,7860,False,5,7
795,3,650,187,14.0,206000,80000,0.3,7860,False,5,7
796,3,800,231,11.0,206000,80000,0.3,7860,False,5,7
797,3,900,255,14.0,206000,80000,0.3,7860,False,5,7
799,3,750,216,14.0,206000,80000,0.3,7860,False,5,7
800,3,1000,271,7.0,206000,80000,0.3,7860,False,5,7
801,3,500,73,45.0,206000,80000,0.3,7860,False,5,7
802,3,500,73,35.0,206000,80000,0.3,7860,False,5,7
803,3,500,75,40.0,206000,80000,0.3,7860,False,5,7
804,3,460,67,45.0,206000,80000,0.3,7860,False,5,7
805,3,550,105,40.0,206000,80000,0.3,7860,False,5,7
806,3,510,77,40.0,206000,80000,0.3,7860,False,5,7
807,3,500,79,35.0,206000,80000,0.3,7860,False,5,7
808,3,490,71,40.0,206000,80000,0.3,7860,False,5,7
809,3,490,71,35.0,206000,80000,0.3,7860,False,5,7
811,3,580,110,40.0,206000,80000,0.3,7860,False,5,7
812,3,580,118,40.0,206000,80000,0.3,7860,False,5,7
813,3,580,114,35.0,206000,80000,0.3,7860,False,5,7
814,3,590,118,45.0,206000,80000,0.3,7860,False,5,7
815,3,950,224,8.0,206000,80000,0.3,7860,False,5,7
816,3,150,43,16.0,85000,34000,0.25,7160,False,5,4
817,3,200,75,16.0,85000,34000,0.25,7160,False,5,4
818,3,250,98,16.0,85000,34000,0.25,7160,False,5,4
819,3,300,120,16.0,85000,34000,0.25,7160,False,5,4
820,3,350,143,16.0,85000,34000,0.25,7160,False,5,4
821,3,500,129,16.0,169000,70000,0.2,7160,False,5,4
822,3,600,152,16.0,169000,70000,0.2,7160,False,5,4
823,3,700,175,16.0,169000,70000,0.2,7160,False,5,4
824,3,800,196,16.0,169000,70000,0.2,7160,False,5,4
825,3,400,67,4.0,160000,64000,0.27,7160,False,5,4
826,3,500,101,4.0,160000,64000,0.27,7160,False,5,4
827,1,430,120,8.0,206000,80000,0.3,7860,True,5,7
828,1,635,152,18.0,206000,80000,0.3,7860,False,5,7
829,1,280,35,32.0,206000,80000,0.3,7860,False,5,7
830,1,280,35,34.0,206000,80000,0.3,7860,False,5,7
831,1,280,35,16.0,206000,80000,0.3,7860,False,5,7
832,1,420,146,6.0,206000,80000,0.3,7860,True,5,7
833,1,360,82,24.0,206000,80000,0.3,7860,False,5,7
834,1,360,86,25.0,206000,80000,0.3,7860,False,5,7
835,1,450,149,6.0,206000,80000,0.3,7860,True,5,7
836,1,340,86,26.0,206000,80000,0.3,7860,False,5,7
838,1,410,86,23.0,206000,80000,0.3,7860,False,5,7
839,1,430,96,22.0,206000,80000,0.3,7860,False,5,7
840,1,460,110,21.0,206000,80000,0.3,7860,True,5,7
842,1,490,146,20.0,206000,80000,0.3,7860,True,5,7
845,1,540,138,18.0,206000,80000,0.3,7860,False,5,7
846,1,600,196,4.0,206000,80000,0.3,7860,False,5,7
847,1,550,181,19.0,206000,80000,0.3,7860,False,5,7
849,1,490,96,20.0,206000,80000,0.3,7860,False,5,7
850,1,550,123,18.0,206000,80000,0.3,7860,False,5,7
851,1,625,152,16.0,206000,80000,0.3,7860,False,5,7
853,1,625,146,16.0,206000,80000,0.3,7860,False,5,7
854,1,625,138,16.0,206000,80000,0.3,7860,False,5,7
855,1,700,166,14.0,206000,80000,0.3,7860,False,5,7
856,1,625,149,15.0,206000,80000,0.3,7860,False,5,7
857,1,775,187,14.0,206000,80000,0.3,7860,False,5,7
859,1,550,131,18.0,206000,80000,0.3,7860,False,5,7
860,1,1300,11,6.0,206000,80000,0.3,7860,False,4,7
861,1,700,206,17.0,206000,80000,0.3,7860,False,5,7
862,1,775,220,15.0,206000,80000,0.3,7860,False,4,7
863,1,850,246,13.0,206000,80000,0.3,7860,False,7,7
864,1,1380,16,6.0,206000,80000,0.3,7860,False,4,7
865,1,850,246,13.0,206000,80000,0.3,7860,False,5,7
867,1,850,246,13.0,206000,80000,0.3,7860,False,4,7
868,1,925,261,12.0,206000,80000,0.3,7860,False,7,7
869,1,1370,16,6.0,206000,80000,0.3,7860,False,4,7
872,1,850,249,13.0,206000,80000,0.3,7860,False,4,7
873,1,1075,283,11.0,206000,80000,0.3,7860,False,4,7
874,1,420,96,20.0,206000,80000,0.3,7860,False,5,7
875,1,550,138,15.0,206000,80000,0.3,7860,False,5,7
876,1,700,200,11.0,206000,80000,0.3,7860,False,5,7
877,1,430,96,20.0,206000,80000,0.3,7860,False,5,7
878,1,900,249,14.0,206000,80000,0.3,7860,False,5,7
879,1,850,238,11.0,206000,80000,0.3,7860,False,5,7
880,1,480,73,40.0,206000,80000,0.3,7860,False,5,7
881,1,510,71,40.0,206000,80000,0.3,7860,False,5,7
882,1,490,73,40.0,206000,80000,0.3,7860,False,5,7
883,1,480,67,40.0,206000,80000,0.3,7860,False,5,7
884,1,510,77,40.0,206000,80000,0.3,7860,False,5,7
885,1,490,71,40.0,206000,80000,0.3,7860,False,5,7
887,1,950,224,8.0,206000,80000,0.3,7860,False,5,7
888,1,150,43,16.0,85000,34000,0.25,7160,False,5,4
889,1,200,75,16.0,85000,34000,0.25,7160,False,5,4
890,1,250,98,16.0,85000,34000,0.25,7160,False,5,4
891,1,300,120,16.0,85000,34000,0.25,7160,False,5,4
892,1,350,143,16.0,85000,34000,0.25,7160,False,5,4
893,1,500,129,16.0,169000,70000,0.2,7160,False,5,4
894,1,600,152,16.0,169000,70000,0.2,7160,False,5,4
895,1,700,175,16.0,169000,70000,0.2,7160,False,5,4
896,1,800,196,16.0,169000,70000,0.2,7160,False,5,4
897,1,400,67,4.0,160000,64000,0.27,7160,False,5,4
898,1,500,101,4.0,160000,64000,0.27,7160,False,5,4
899,2,350,75,16.0,206000,80000,0.3,7860,False,5,7
900,2,400,88,24.0,206000,80000,0.3,7860,False,5,7
901,2,471,154,8.0,206000,80000,0.3,7860,True,6,7
902,2,400,100,22.0,206000,80000,0.3,7860,True,5,7
903,2,660,208,6.0,206000,80000,0.3,7860,False,6,7
904,2,280,75,31.0,206000,80000,0.3,7860,False,5,7
905,2,290,82,36.0,206000,80000,0.3,7860,False,5,7
906,2,280,75,29.0,206000,80000,0.3,7860,False,5,7
907,2,330,73,30.0,206000,80000,0.3,7860,False,5,7
908,2,340,86,24.0,206000,80000,0.3,7860,False,5,7
909,2,350,86,26.0,206000,80000,0.3,7860,False,5,7
910,2,340,86,26.0,206000,80000,0.3,7860,False,5,7
911,2,360,92,26.0,206000,80000,0.3,7860,False,5,7
912,2,410,100,24.0,206000,80000,0.3,7860,True,5,7
913,2,420,93,22.0,206000,80000,0.3,7860,False,5,7
914,2,430,114,22.0,206000,80000,0.3,7860,True,5,7
915,2,440,103,20.0,206000,80000,0.3,7860,True,5,7
916,2,490,103,19.0,206000,80000,0.3,7860,True,5,7
917,2,490,138,22.0,206000,80000,0.3,7860,True,5,7
918,2,510,141,23.0,206000,80000,0.3,7860,False,6,7
919,2,590,125,14.0,206000,80000,0.3,7860,False,5,7
920,2,590,125,14.0,206000,80000,0.3,7860,False,7,7
921,2,686,146,11.0,206000,80000,0.3,7860,False,5,7
922,2,686,146,11.0,206000,80000,0.3,7860,False,7,7
923,2,490,131,16.0,206000,80000,0.3,7860,True,7,7
924,2,550,143,12.0,206000,80000,0.3,7860,False,5,7
925,2,490,118,12.0,206000,80000,0.3,7860,True,7,7
926,2,480,120,22.0,206000,80000,0.3,7860,True,5,7
927,2,500,129,21.0,206000,80000,0.3,7860,True,5,7
928,2,550,143,20.0,206000,80000,0.3,7860,False,5,7
929,2,600,152,19.0,206000,80000,0.3,7860,False,5,7
930,2,630,166,18.0,206000,80000,0.3,7860,False,5,7
931,2,530,122,18.0,206000,80000,0.3,7860,False,6,7
932,2,640,162,18.0,206000,80000,0.3,7860,False,4,7
933,2,690,184,15.0,206000,80000,0.3,7860,False,5,7
934,2,750,196,14.0,206000,80000,0.3,7860,False,5,7
935,2,800,204,13.0,206000,80000,0.3,7860,False,4,7
936,2,1770,41,2.0,206000,80000,0.3,7860,False,4,7
937,2,460,114,21.0,206000,80000,0.3,7860,True,5,7
938,2,690,200,15.0,206000,80000,0.3,7860,False,5,7
939,2,1570,29,5.0,206000,80000,0.3,7860,False,4,7
940,2,670,181,20.0,206000,80000,0.3,7860,False,6,7
941,2,680,184,20.0,206000,80000,0.3,7860,False,6,7
942,2,780,214,14.0,206000,80000,0.3,7860,False,5,7
943,2,880,249,12.0,206000,80000,0.3,7860,False,5,7
944,2,1270,9,6.0,206000,80000,0.3,7860,False,4,7
945,2,1420,19,6.0,206000,80000,0.3,7860,False,4,7
946,2,588,140,14.0,206000,80000,0.3,7860,False,5,7
947,2,883,239,12.0,206000,80000,0.3,7860,False,4,7
948,2,932,269,12.0,206000,80000,0.3,7860,False,7,7
949,2,1716,33,12.0,206000,80000,0.3,7860,False,6,7
950,2,883,251,11.0,206000,80000,0.3,7860,False,5,7
951,2,932,269,12.0,206000,80000,0.3,7860,False,5,7
952,2,657,200,17.0,206000,80000,0.3,7860,False,5,7
953,2,900,248,10.0,206000,80000,0.3,7860,False,5,7
954,2,785,227,10.0,206000,80000,0.3,7860,False,7,7
955,2,981,250,8.0,206000,80000,0.3,7860,False,5,7
956,2,883,251,16.0,206000,80000,0.3,7860,False,7,7
957,2,981,270,16.0,206000,80000,0.3,7860,False,7,7
958,2,1370,14,7.0,206000,80000,0.3,7860,False,4,7
959,2,1470,25,6.0,206000,80000,0.3,7860,False,4,7
960,2,440,103,24.0,206000,80000,0.3,7860,True,5,7
961,2,430,118,20.0,206000,80000,0.3,7860,True,5,7
962,2,470,141,22.0,206000,80000,0.3,7860,True,5,7
964,2,930,260,11.0,206000,80000,0.3,7860,False,5,7
965,2,880,246,12.0,206000,80000,0.3,7860,False,5,7
966,2,1000,263,11.0,206000,80000,0.3,7860,False,5,7
968,2,690,200,16.0,206000,80000,0.3,7860,False,6,7
969,2,1000,277,16.0,206000,80000,0.3,7860,False,4,7
970,2,780,238,16.0,206000,80000,0.3,7860,False,4,7
971,2,1177,290,16.0,206000,80000,0.3,7860,False,4,7
972,2,1716,33,16.0,206000,80000,0.3,7860,False,4,7
973,2,1177,290,16.0,206000,80000,0.3,7860,False,7,7
974,2,900,255,11.0,206000,80000,0.3,7860,False,5,7
975,2,480,103,18.0,206000,80000,0.3,7860,True,5,7
976,2,834,239,16.0,206000,80000,0.3,7860,False,4,7
977,2,981,269,12.0,206000,80000,0.3,7860,False,5,7
978,2,690,200,18.0,206000,80000,0.3,7860,False,5,7
979,2,883,239,12.0,206000,80000,0.3,7860,False,7,7
980,2,835,229,12.0,206000,80000,0.3,7860,False,5,7
981,2,880,238,9.0,206000,80000,0.3,7860,False,5,7
982,2,1080,269,8.0,206000,80000,0.3,7860,False,5,7
983,2,440,114,24.0,206000,80000,0.3,7860,True,5,7
984,2,1100,282,10.0,206000,80000,0.3,7860,False,5,7
985,2,932,269,10.0,206000,80000,0.3,7860,False,7,7
986,2,1080,279,10.0,206000,80000,0.3,7860,False,4,7
987,2,590,162,20.0,206000,80000,0.3,7860,False,5,7
988,2,1569,25,16.0,206000,80000,0.3,7860,False,4,7
989,2,441,96,21.0,206000,80000,0.3,7860,False,6,7
990,2,590,173,20.0,206000,80000,0.3,7860,False,6,7
991,2,690,188,15.0,206000,80000,0.3,7860,False,6,7
992,2,740,202,14.0,206000,80000,0.3,7860,False,6,7
993,2,440,103,18.0,206000,80000,0.3,7860,True,6,7
994,2,440,118,20.0,206000,80000,0.3,7860,True,6,7
995,2,441,96,20.0,206000,80000,0.3,7860,False,6,7
996,2,930,249,10.0,206000,80000,0.3,7860,False,6,7
997,2,460,105,15.0,206000,80000,0.3,7860,True,6,7
998,2,800,219,14.0,206000,80000,0.3,7860,False,6,7
999,2,900,243,14.0,206000,80000,0.3,7860,False,6,7
1000,2,490,69,40.0,206000,80000,0.3,7860,False,6,7
1001,2,530,73,45.0,206000,80000,0.3,7860,False,6,7
1002,2,500,71,40.0,206000,80000,0.3,7860,False,6,7
1003,2,550,79,40.0,206000,80000,0.3,7860,False,6,7
1004,2,500,73,35.0,206000,80000,0.3,7860,False,6,7
1005,2,500,77,26.0,206000,80000,0.3,7860,False,6,7
1006,2,440,63,40.0,206000,80000,0.3,7860,False,6,7
1007,2,650,143,40.0,206000,80000,0.3,7860,False,6,7
1008,2,700,143,26.0,206000,80000,0.3,7860,False,6,7
1009,2,600,98,30.0,206000,80000,0.3,7860,False,6,7
1010,2,500,90,30.0,206000,80000,0.3,7860,False,6,7
1011,2,540,103,40.0,206000,80000,0.3,7860,False,6,7
1012,2,550,90,30.0,206000,80000,0.3,7860,False,6,7
1013,2,550,77,50.0,206000,80000,0.3,7860,False,6,7
1014,2,550,82,45.0,206000,80000,0.3,7860,False,6,7
1015,2,540,106,40.0,206000,80000,0.3,7860,False,6,7
1016,2,635,118,37.0,206000,80000,0.3,7860,False,6,7
1017,2,980,229,12.0,206000,80000,0.3,7860,False,6,7
1018,2,640,200,18.0,206000,80000,0.3,7860,False,6,7
1019,2,360,93,16.0,169000,70000,0.2,7160,False,5,4
1020,2,420,105,16.0,169000,70000,0.2,7160,False,5,4
1021,2,500,129,16.0,169000,70000,0.2,7160,False,5,4
1022,2,600,152,16.0,169000,70000,0.2,7160,False,5,4
1023,2,700,175,16.0,169000,70000,0.2,7160,False,5,4
1024,2,800,196,16.0,169000,70000,0.2,7160,False,5,4
1025,2,100,0,16.0,80000,32000,0.25,7160,False,5,4
1026,2,150,43,16.0,85000,34000,0.25,7160,False,5,4
1027,2,200,75,16.0,91000,36400,0.25,7160,False,5,4
1028,2,250,98,16.0,105000,42000,0.25,7160,False,5,4
1029,2,300,120,16.0,110000,44000,0.25,7160,False,5,4
1030,2,350,143,16.0,115000,46000,0.25,7160,False,5,4
1031,2,400,67,4.0,160000,64000,0.27,7160,False,5,4
1032,2,580,120,4.0,160000,64000,0.27,7160,False,5,4
1033,2,363,75,25.0,206000,80000,0.3,7160,False,5,7
1034,2,441,93,22.0,206000,80000,0.3,7160,False,5,7
1035,2,490,101,19.0,206000,80000,0.3,7160,True,5,7
1036,2,588,120,10.0,206000,80000,0.3,7160,False,5,7
1037,2,686,143,6.0,206000,80000,0.3,7160,False,5,7
1038,2,530,120,16.0,206000,80000,0.3,7160,False,5,7
1039,2,422,98,25.0,206000,80000,0.3,7160,False,5,7
1040,2,490,115,20.0,206000,80000,0.3,7160,True,5,7
1041,2,637,175,15.0,206000,80000,0.3,7160,False,5,7
1042,2,785,208,5.0,206000,80000,0.3,7160,False,5,7
1043,2,830,216,16.0,206000,80000,0.3,7160,False,5,7
1044,2,981,243,3.0,206000,80000,0.3,7160,False,5,7
1045,2,550,162,16.0,206000,80000,0.3,7160,False,5,7
1046,2,500,129,16.0,206000,80000,0.3,7160,True,5,7
1047,2,380,103,16.0,120000,45000,0.31,8800,False,5,3
1051,2,180,51,16.0,105000,40000,0.31,8800,False,5,2
1054,2,150,17,16.0,105000,40000,0.31,8800,False,5,2
1055,2,170,0,16.0,105000,40000,0.31,8800,False,5,2
1056,2,400,26,16.0,120000,45000,0.32,8800,False,5,3
1058,2,330,0,16.0,100000,37000,0.34,8500,False,5,2
1062,2,350,100,16.0,100000,37000,0.34,8500,False,5,2
1063,2,600,143,16.0,100000,37000,0.34,8500,False,5,2
1064,2,400,90,11.0,73000,26000,0.33,2700,False,5,1
1065,2,430,90,12.0,73000,26000,0.33,2700,False,5,1
1066,2,430,90,16.0,73000,26000,0.33,2700,False,5,1
1067,2,340,71,12.0,73000,26000,0.33,2700,False,5,1
1068,2,280,0,16.0,73000,26000,0.33,2700,False,5,1
1069,2,200,10,16.0,73000,26000,0.33,2700,False,5,1
1071,4,360,92,27.0,201000,78000,0.29,7856,False,5,7
1072,4,370,96,26.0,201000,78000,0.29,7856,False,5,7
1073,4,380,100,26.0,201000,78000,0.29,7856,True,5,7
1074,4,400,100,25.0,201000,78000,0.29,7856,True,5,7
1075,4,410,103,24.0,201000,78000,0.29,7856,True,5,7
1077,4,490,114,20.0,201000,78000,0.29,7856,True,5,7
1078,4,490,118,20.0,201000,78000,0.29,7856,True,5,7
1079,4,590,125,15.0,201000,78000,0.29,7856,False,5,7
1080,4,600,129,15.0,201000,78000,0.29,7856,False,5,7
1081,4,360,86,24.0,206000,80000,0.3,7860,False,5,7
1082,4,370,92,25.0,206000,80000,0.3,7860,False,5,7
1083,4,370,96,25.0,206000,80000,0.3,7860,False,5,7
1084,4,390,103,23.0,206000,80000,0.3,7860,True,5,7
1085,4,450,131,21.0,206000,80000,0.3,7860,True,5,7
1086,4,480,135,20.0,206000,80000,0.3,7860,True,5,7
1087,4,320,74,33.0,203000,78000,0.3,7871,False,6,7
1088,4,330,77,31.0,206000,79000,0.3,7856,False,6,7
1089,4,400,98,8.0,206000,79000,0.3,7856,False,7,7
1090,4,410,98,8.0,206000,79000,0.3,7856,False,1,7
1091,4,290,71,26.0,206000,79000,0.3,7856,False,6,7
1092,4,370,86,27.0,201000,78000,0.29,7850,False,6,7
1093,4,450,98,8.0,201000,78000,0.29,7850,False,7,7
1094,4,440,138,8.0,201000,78000,0.29,7850,True,1,7
1095,4,340,84,23.0,201000,78000,0.29,7850,False,6,7
1096,4,410,96,25.0,212000,82000,0.29,7859,False,6,7
1097,4,500,120,16.0,212000,82000,0.29,7859,True,7,7
1098,4,490,120,7.0,212000,82000,0.29,7859,True,1,7
1099,4,390,93,21.0,212000,82000,0.29,7859,False,6,7
1100,4,450,106,23.0,198000,77000,0.29,7820,True,6,7
1101,4,550,143,16.0,198000,77000,0.29,7820,False,7,7
1102,4,540,143,7.0,198000,77000,0.29,7820,False,1,7
1103,4,410,105,19.0,198000,77000,0.29,7820,True,6,7
1104,4,490,118,21.0,200000,77000,0.3,7850,True,6,7
1105,4,600,143,16.0,200000,77000,0.3,7850,False,6,7
1106,4,560,138,7.0,200000,77000,0.3,7850,False,1,7
1107,4,440,115,17.0,200000,77000,0.3,7850,True,6,7
1108,4,575,118,21.0,200000,77000,0.3,7850,False,4,7
1109,4,530,125,20.0,206000,79000,0.3,7826,False,6,7
1110,4,650,159,19.0,206000,79000,0.3,7826,False,6,7
1111,4,1000,243,16.0,206000,79000,0.3,7826,False,2,7
1112,4,590,143,6.0,206000,79000,0.3,7826,False,1,7
1113,4,470,123,15.0,206000,79000,0.3,7826,True,6,7
1114,4,625,125,20.0,206000,79000,0.3,7826,False,4,7
1115,4,570,135,19.0,212000,82000,0.29,7850,False,6,7
1116,4,700,166,16.0,212000,82000,0.29,7850,False,6,7
1117,4,1000,243,16.0,212000,82000,0.29,7850,False,2,7
1118,4,610,159,6.0,212000,82000,0.29,7850,False,1,7
1119,4,510,132,14.0,212000,82000,0.29,7850,False,6,7
1120,4,675,146,19.0,212000,82000,0.29,7850,False,4,7
1121,4,600,146,16.0,200000,77000,0.3,7810,False,6,7
1122,4,750,187,16.0,200000,77000,0.3,7810,False,6,7
1123,4,900,243,16.0,200000,77000,0.3,7810,False,2,7
1124,4,1000,255,16.0,200000,77000,0.3,7810,False,2,7
1125,4,1200,286,16.0,200000,77000,0.3,7810,False,2,7
1126,4,750,187,16.0,200000,77000,0.3,7810,False,2,7
1127,4,640,184,6.0,200000,77000,0.3,7810,False,1,7
1128,4,540,143,13.0,200000,77000,0.3,7810,False,6,7
1129,4,705,156,17.0,200000,77000,0.3,7810,False,4,7
1130,4,600,146,14.0,216000,83000,0.3,7810,False,6,7
1131,4,900,255,15.0,216000,83000,0.3,7810,False,6,7
1132,4,660,187,6.0,216000,83000,0.3,7810,False,1,7
1133,4,560,152,12.0,216000,83000,0.3,7810,False,6,7
1134,4,725,166,16.0,216000,83000,0.3,7810,False,4,7
1135,4,630,156,13.0,210000,81000,0.3,7820,False,6,7
1136,4,775,175,15.0,210000,81000,0.3,7820,False,4,7
1137,4,680,166,12.0,204000,79000,0.29,7810,False,6,7
1138,4,825,187,14.0,204000,79000,0.29,7810,False,4,7
1139,4,460,110,16.0,204000,79000,0.29,7820,True,6,7
1140,4,570,175,16.0,204000,79000,0.29,7820,False,2,7
1141,4,550,129,16.0,200000,77000,0.3,7810,False,6,7
1142,4,680,219,16.0,200000,77000,0.3,7810,False,2,7
1143,4,600,149,16.0,204000,79000,0.29,7810,False,6,7
1144,4,840,229,16.0,204000,79000,0.29,7810,False,2,7
1145,4,660,166,16.0,216000,84000,0.29,7810,False,6,7
1146,4,820,219,16.0,216000,84000,0.29,7810,False,2,7
1147,4,750,184,16.0,215000,83000,0.3,7850,False,6,7
1148,4,900,255,16.0,215000,83000,0.3,7850,False,6,7
1149,4,1500,23,16.0,215000,83000,0.3,7850,False,2,7
1150,4,490,162,10.0,216000,83000,0.3,7860,False,5,7
1151,4,510,162,7.0,216000,83000,0.3,7860,False,5,7
1152,4,460,162,7.0,216000,83000,0.3,7860,False,5,7
1153,4,530,162,7.0,216000,83000,0.3,7860,False,5,7
1154,4,540,162,6.0,216000,83000,0.3,7860,False,5,7
1155,4,570,162,6.0,216000,83000,0.3,7860,False,5,7
1156,4,690,200,12.0,206000,80000,0.29,7860,False,5,7
1157,4,780,238,11.0,216000,83000,0.3,7830,False,5,7
1158,4,600,120,16.0,216000,83000,0.3,7830,False,6,7
1159,4,700,204,16.0,216000,83000,0.3,7830,False,6,7
1160,4,850,237,16.0,216000,83000,0.3,7830,False,2,7
1161,4,880,249,12.0,208000,80000,0.3,7820,False,5,7
1162,4,910,260,11.0,214000,83000,0.29,7850,False,5,7
1163,4,980,269,10.0,214000,83000,0.29,7850,False,5,7
1164,4,630,132,16.0,214000,83000,0.29,7850,False,6,7
1165,4,800,243,16.0,214000,83000,0.29,7850,False,6,7
1166,4,1100,282,16.0,214000,83000,0.29,7850,False,2,7
1167,4,1300,11,16.0,214000,83000,0.29,7850,False,2,7
1168,4,1030,276,9.0,206000,79000,0.3,7820,False,5,7
1169,4,650,143,16.0,206000,79000,0.3,7820,False,6,7
1170,4,950,263,16.0,206000,79000,0.3,7820,False,6,7
1171,4,1400,18,16.0,206000,79000,0.3,7820,False,2,7
1172,4,1080,280,9.0,207000,80000,0.29,7860,False,5,7
1173,4,650,143,16.0,207000,80000,0.29,7860,False,6,7
1174,4,1500,27,16.0,207000,80000,0.29,7860,False,2,7
1175,4,430,98,16.0,204000,79000,0.29,7790,False,6,7
1176,4,630,152,16.0,204000,79000,0.29,7790,False,6,7
1177,4,800,243,16.0,204000,79000,0.29,7790,False,2,7
1178,4,670,162,16.0,212000,82000,0.29,7800,False,6,7
1179,4,1120,286,16.0,212000,82000,0.29,7800,False,2,7
1180,4,700,170,16.0,204000,79000,0.29,7810,False,6,7
1181,4,850,255,16.0,204000,79000,0.29,7810,False,2,7
1182,4,600,120,16.0,214000,83000,0.29,7640,False,6,7
1183,4,900,255,16.0,214000,83000,0.29,7640,False,2,7
1184,4,950,263,16.0,211000,82000,0.29,7640,False,6,7
1185,4,930,260,12.0,208000,80000,0.3,7820,False,5,7
1186,4,950,263,16.0,208000,80000,0.3,7820,False,2,7
1187,4,930,276,12.0,213000,82000,0.3,7820,False,5,7
1188,4,1000,277,16.0,213000,82000,0.3,7820,False,2,7
1189,4,1600,36,16.0,213000,82000,0.3,7820,False,2,7
1190,4,800,260,10.0,213000,82000,0.3,7820,False,2,7
1191,4,700,181,16.0,211000,82000,0.29,7800,False,6,7
1192,4,1000,271,9.0,211000,82000,0.29,7800,False,2,7
1193,4,1250,6,16.0,212000,82000,0.29,7800,False,2,7
1194,4,1100,271,16.0,212000,82000,0.29,7800,False,2,7
1195,4,780,238,12.0,213000,82000,0.3,7760,False,5,7
1196,4,800,243,16.0,213000,82000,0.3,7760,False,2,7
1197,4,1300,18,16.0,213000,82000,0.3,7800,False,2,7
1198,4,1450,36,16.0,213000,82000,0.3,7800,False,2,7
1199,4,900,263,10.0,215000,83000,0.3,7810,False,2,7
1200,4,1600,27,16.0,215000,83000,0.3,7810,False,2,7
1201,4,1080,276,10.0,213000,82000,0.3,7850,False,5,7
1202,4,780,229,14.0,200000,77000,0.3,7850,False,5,7
1203,4,980,269,11.0,200000,77000,0.3,7850,False,5,7
1204,4,780,189,16.0,200000,77000,0.3,7850,False,6,7
1205,4,1200,1,16.0,200000,77000,0.3,7850,False,2,7
1206,4,1030,276,10.0,200000,77000,0.3,7820,False,5,7
1207,4,1080,280,9.0,200000,77000,0.3,7860,False,5,7
1208,4,980,269,10.0,215000,83000,0.3,7850,False,5,7
1209,4,800,231,16.0,211000,82000,0.29,7880,False,2,7
1211,4,950,255,11.0,200000,77000,0.3,7850,False,6,7
1212,4,1000,277,16.0,200000,77000,0.3,7850,False,2,7
1213,4,680,187,16.0,203000,78000,0.3,7850,False,2,7
1214,4,1100,277,10.0,203000,78000,0.3,7850,False,2,7
1215,4,1300,11,16.0,203000,78000,0.3,7850,False,2,7
1216,4,600,149,16.0,213000,82000,0.3,7850,False,6,7
1217,4,1100,277,16.0,215000,83000,0.3,7850,False,6,7
1218,4,1500,27,16.0,215000,83000,0.3,7850,False,2,7
1219,4,800,255,16.0,215000,83000,0.3,7850,False,2,7
1220,4,930,269,12.0,206000,80000,0.29,7860,False,4,7
1221,4,980,276,14.0,206000,80000,0.3,7860,False,5,7
1222,4,410,92,21.0,212000,82000,0.29,7850,False,5,7
1223,4,470,100,21.0,198000,77000,0.29,7800,True,5,7
1224,4,780,246,15.0,200000,77000,0.3,7800,False,5,7
1225,4,780,246,14.0,200000,77000,0.3,7800,False,5,7
1226,4,880,260,14.0,213000,82000,0.3,7840,False,5,7
1227,4,780,246,16.0,213000,82000,0.3,7840,False,5,7
1228,4,640,184,18.0,200000,77000,0.3,7850,False,5,7
1229,4,880,260,12.0,207000,80000,0.29,7800,False,5,7
1230,4,390,53,24.0,215000,83000,0.3,7630,False,5,7
1231,4,390,82,22.0,211000,82000,0.29,7750,False,5,7
1232,4,390,82,22.0,200000,77000,0.3,7850,False,5,7
1233,4,390,53,22.0,200000,77000,0.3,7850,False,5,7
1234,4,930,260,14.0,200000,77000,0.3,7850,False,5,7
1235,4,1130,280,12.0,200000,77000,0.3,7850,False,5,7
1236,4,880,229,8.0,200000,77000,0.3,8120,False,5,7
1237,4,980,249,10.0,200000,77000,0.3,8120,False,5,7
1238,4,510,74,40.0,215000,83000,0.3,7630,False,5,7
1239,4,540,74,40.0,195000,75000,0.3,7900,False,5,7
1240,4,540,74,40.0,200000,77000,0.3,7850,False,5,7
1241,4,690,131,40.0,216000,84000,0.29,7670,False,5,7
1242,4,475,90,27.0,206000,80000,0.29,7860,False,6,7
1243,4,450,79,25.0,206000,80000,0.29,7860,False,6,7
1244,4,625,143,20.0,206000,80000,0.29,7860,False,4,7
1245,4,575,120,22.0,206000,80000,0.29,7860,False,4,7
1246,4,495,101,25.0,206000,80000,0.29,7860,True,6,7
1247,4,495,93,25.0,206000,80000,0.29,7860,False,6,7
1248,4,475,84,23.0,206000,80000,0.29,7860,False,6,7
1249,4,625,152,19.0,206000,80000,0.29,7860,False,4,7
1250,4,575,129,21.0,206000,80000,0.29,7860,False,4,7
1251,4,540,110,23.0,206000,80000,0.29,7860,False,6,7
1252,4,540,98,23.0,206000,80000,0.29,7860,False,6,7
1253,4,520,90,21.0,206000,80000,0.29,7860,False,6,7
1254,4,675,166,18.0,206000,80000,0.29,7860,False,4,7
1256,4,575,120,21.0,206000,80000,0.29,7860,False,4,7
1257,4,575,120,21.0,206000,80000,0.29,7860,False,6,7
1258,4,575,105,21.0,206000,80000,0.29,7860,False,6,7
1259,4,555,96,19.0,206000,80000,0.29,7860,False,6,7
1260,4,705,181,17.0,206000,80000,0.29,7860,False,4,7
1261,4,675,152,19.0,206000,80000,0.29,7860,False,4,7
1262,4,625,129,20.0,206000,80000,0.29,7860,False,4,7
1263,4,625,129,19.0,206000,80000,0.29,7860,False,6,7
1264,4,625,115,19.0,206000,80000,0.29,7860,False,6,7
1265,4,605,101,17.0,206000,80000,0.29,7860,False,6,7
1266,4,725,189,16.0,206000,80000,0.29,7860,False,4,7
1267,4,705,166,18.0,206000,80000,0.29,7860,False,4,7
1268,4,675,143,19.0,206000,80000,0.29,7860,False,4,7
1269,4,675,138,17.0,206000,80000,0.29,7860,False,6,7
1270,4,675,122,17.0,206000,80000,0.29,7860,False,6,7
1271,4,655,106,15.0,206000,80000,0.29,7860,False,6,7
1272,4,775,204,14.0,206000,80000,0.29,7860,False,4,7
1273,4,725,181,16.0,206000,80000,0.29,7860,False,4,7
1274,4,705,152,17.0,206000,80000,0.29,7860,False,4,7
1275,4,710,146,16.0,206000,80000,0.29,7860,False,6,7
1276,4,710,129,16.0,206000,80000,0.29,7860,False,6,7
1277,4,690,115,14.0,206000,80000,0.29,7860,False,6,7
1278,4,825,208,13.0,206000,80000,0.29,7860,False,4,7
1279,4,775,189,15.0,206000,80000,0.29,7860,False,4,7
1280,4,725,166,16.0,206000,80000,0.29,7860,False,4,7
1281,4,750,152,15.0,206000,80000,0.29,7860,False,6,7
1282,4,750,132,15.0,206000,80000,0.29,7860,False,6,7
1283,4,730,120,13.0,206000,80000,0.29,7860,False,6,7
1284,4,875,216,12.0,206000,80000,0.29,7860,False,4,7
1285,4,825,204,14.0,206000,80000,0.29,7860,False,4,7
1286,4,775,181,15.0,206000,80000,0.29,7860,False,4,7
1287,4,785,159,14.0,206000,80000,0.29,7860,False,6,7
1288,4,785,138,14.0,206000,80000,0.29,7860,False,6,7
1289,4,755,123,12.0,206000,80000,0.29,7860,False,6,7
1290,4,925,224,11.0,206000,80000,0.29,7860,False,4,7
1291,4,875,208,13.0,206000,80000,0.29,7860,False,4,7
1292,4,825,187,14.0,206000,80000,0.29,7860,False,4,7
1293,4,925,243,12.0,206000,80000,0.29,7860,False,4,7
1294,4,825,216,14.0,206000,80000,0.29,7860,False,4,7
1295,4,725,170,15.0,206000,80000,0.29,7860,False,4,7
1296,4,1050,263,11.0,206000,80000,0.29,7860,False,4,7
1297,4,925,237,13.0,206000,80000,0.29,7860,False,4,7
1298,4,825,206,14.0,206000,80000,0.29,7860,False,4,7
1299,4,1100,271,10.0,206000,80000,0.29,7860,False,4,7
1300,4,1000,245,12.0,206000,80000,0.29,7860,False,4,7
1301,4,875,219,14.0,206000,80000,0.29,7860,False,4,7
1302,4,392,74,24.0,200000,77000,0.3,7820,False,6,7
1303,4,412,83,22.0,200000,77000,0.3,7820,False,6,7
1304,4,441,92,19.0,205000,79000,0.3,7830,False,6,7
1305,4,471,100,17.0,210000,81000,0.3,7810,True,6,7
1306,4,491,106,15.0,212000,82000,0.29,7830,True,6,7
1307,4,520,117,14.0,215000,83000,0.3,7810,False,6,7
1308,4,540,124,12.0,215000,83000,0.3,7800,False,6,7
1309,4,569,134,11.0,219000,85000,0.29,7820,False,6,7
1310,4,540,106,18.0,200000,77000,0.3,7820,False,6,7
1311,4,540,117,12.0,200000,77000,0.3,7820,False,6,7
1312,4,589,140,16.0,200000,77000,0.3,7820,False,2,7
1313,4,540,117,18.0,200000,77000,0.3,7820,False,6,7
1314,4,589,140,14.0,200000,77000,0.3,7820,False,6,7
1315,4,638,163,16.0,200000,77000,0.3,7820,False,2,7
1316,4,510,124,17.0,200000,77000,0.3,7820,False,6,7
1317,4,491,117,18.0,200000,77000,0.3,7820,True,6,7
1318,4,589,163,15.0,200000,77000,0.3,7820,False,6,7
1319,4,589,163,12.0,200000,77000,0.3,7820,False,6,7
1320,4,441,96,18.0,215000,83000,0.3,7800,False,6,7
1321,4,491,106,16.0,200000,77000,0.3,7820,True,6,7
1322,4,589,201,15.0,200000,77000,0.3,7820,False,6,7
1323,4,589,163,12.0,215000,83000,0.3,7840,False,6,7
1324,4,687,214,12.0,200000,77000,0.3,7820,False,6,7
1325,4,589,140,14.0,215000,83000,0.3,7800,False,6,7
1326,4,785,228,16.0,215000,83000,0.3,7800,False,2,7
1327,4,491,163,12.0,200000,77000,0.3,7820,False,6,7
1328,4,441,140,18.0,212000,82000,0.29,7820,True,6,7
1329,4,491,163,18.0,200000,77000,0.3,7820,False,6,7
1330,4,638,214,12.0,200000,77000,0.3,7820,False,6,7
1331,4,491,117,22.0,205000,79000,0.3,7830,True,4,7
1332,4,491,117,17.0,205000,79000,0.3,7810,True,4,7
1333,4,540,140,16.0,205000,79000,0.3,7830,False,4,7
1334,4,540,140,14.0,205000,79000,0.3,7810,False,4,7
1335,4,589,163,10.0,205000,79000,0.3,7800,False,4,7
1336,4,736,163,14.0,205000,79000,0.3,7820,False,4,7
1337,4,530,134,14.0,205000,79000,0.3,7820,False,4,7
1338,4,589,140,14.0,200000,77000,0.3,7820,False,4,7
1339,4,638,163,14.0,200000,77000,0.3,7820,False,4,7
1340,4,785,228,14.0,200000,77000,0.3,7820,False,4,7
1341,4,687,201,12.0,200000,77000,0.3,7820,False,4,7
1342,4,638,185,10.0,200000,77000,0.3,7820,False,4,7
1343,4,638,201,12.0,205000,79000,0.3,7850,False,4,7
1344,4,687,228,14.0,200000,77000,0.3,7820,False,4,7
1345,4,687,214,12.0,205000,79000,0.3,7840,False,4,7
1346,4,785,240,10.0,205000,79000,0.3,7820,False,4,7
1347,4,785,228,10.0,205000,79000,0.3,7800,False,4,7
1348,4,736,228,12.0,200000,77000,0.3,7820,False,4,7
1349,4,638,214,12.0,200000,77000,0.3,7820,False,4,7
1350,4,785,240,12.0,200000,77000,0.3,7820,False,4,7
1351,4,981,260,10.0,200000,77000,0.3,7820,False,4,7
1352,4,1275,8,6.0,200000,77000,0.3,7820,False,4,7
1353,4,1324,8,9.0,200000,77000,0.3,7820,False,4,7
1354,4,638,201,12.0,200000,77000,0.3,7820,False,4,7
1355,4,1275,8,5.0,200000,77000,0.3,7820,False,4,7
1356,4,1472,15,5.0,200000,77000,0.3,7820,False,4,7
1357,4,1766,42,4.0,200000,77000,0.3,7820,False,4,7
1358,4,1324,25,8.0,200000,77000,0.3,7820,False,4,7
1359,4,1472,38,8.0,200000,77000,0.3,7820,False,4,7
1360,4,638,201,16.0,219000,85000,0.29,7840,False,2,7
1361,4,1270,9,8.0,206000,80000,0.3,7860,False,4,7
1362,4,1270,14,6.0,206000,80000,0.3,7860,False,4,7
1363,4,1270,14,7.0,206000,80000,0.3,7860,False,4,7
1364,4,1420,30,6.0,206000,80000,0.3,7860,False,4,7
1365,4,100,203,16.0,90000,36000,0.25,6800,False,5,4
1366,4,150,262,16.0,90000,36000,0.25,7000,False,5,4
1367,4,180,281,16.0,95000,38000,0.25,7050,False,5,4
1368,4,200,0,16.0,100000,40000,0.25,7100,False,5,4
1369,4,210,5,16.0,100000,40000,0.25,7150,False,5,4
1370,4,240,17,16.0,105000,42000,0.25,7200,False,5,4
1371,4,250,22,16.0,110000,44000,0.25,7200,False,5,4
1372,4,300,43,16.0,120000,48000,0.25,7300,False,5,4
1373,4,350,63,16.0,125000,50000,0.25,7400,False,5,4
1374,4,350,84,22.0,170000,70000,0.21,7160,False,5,4
1375,4,400,98,15.0,170000,70000,0.21,7160,False,5,4
1376,4,450,123,10.0,170000,70000,0.21,7160,False,5,4
1377,4,500,129,7.0,170000,70000,0.21,7160,False,5,4
1378,4,600,152,3.0,180000,75000,0.2,7160,False,5,4
1379,4,700,175,2.0,180000,75000,0.2,7160,False,5,4
1380,4,800,196,2.0,180000,75000,0.2,7160,False,5,4
1381,4,1000,255,2.0,185000,77000,0.2,7160,False,5,4
1382,4,294,59,6.0,160000,64000,0.25,7160,False,5,4
1383,4,323,71,8.0,160000,64000,0.25,7160,False,5,4
1384,4,333,71,10.0,160000,64000,0.25,7160,False,5,4
1385,4,362,79,12.0,160000,64000,0.25,7160,False,5,4
1386,4,441,101,7.0,160000,64000,0.25,7160,False,5,4
1387,4,490,115,5.0,160000,64000,0.25,7160,False,5,4
1388,4,539,131,4.0,160000,64000,0.25,7160,False,5,4
1389,4,588,143,3.0,160000,64000,0.25,7160,False,5,4
1390,4,637,159,3.0,160000,64000,0.25,7160,False,5,4
1391,4,686,170,2.0,160000,64000,0.25,7160,False,5,4
1392,4,784,193,1.5,160000,64000,0.25,7160,False,5,4
1393,4,400,67,4.0,160000,64000,0.25,7160,False,5,4
1394,7,360,93,26.0,206000,80000,0.3,7860,False,5,7
1395,7,630,152,14.0,206000,80000,0.3,7860,False,5,7
1396,7,270,67,34.0,206000,80000,0.3,7860,False,5,7
1397,7,270,94,34.0,206000,80000,0.3,7860,False,5,7
1398,7,270,87,38.0,206000,80000,0.3,7860,False,5,7
1399,7,330,47,27.0,206000,80000,0.3,7860,False,5,7
1400,7,360,92,26.0,206000,80000,0.3,7860,False,5,7
1401,7,410,100,23.0,206000,80000,0.3,7860,True,5,7
1402,7,340,82,25.0,206000,80000,0.3,7860,False,5,7
1404,7,400,106,22.0,206000,80000,0.3,7860,True,5,7
1405,7,400,100,23.0,206000,80000,0.3,7860,True,5,7
1406,7,490,118,19.0,206000,80000,0.3,7860,True,5,7
1407,7,490,146,20.0,206000,80000,0.3,7860,True,5,7
1408,7,490,146,22.0,206000,80000,0.3,7860,True,5,7
1409,7,590,135,15.0,206000,80000,0.3,7860,False,5,7
1410,7,690,150,10.0,206000,80000,0.3,7860,False,5,7
1411,7,490,143,16.0,206000,80000,0.3,7860,True,5,7
1412,7,690,204,11.0,206000,80000,0.3,7860,False,5,7
1413,7,440,105,21.0,206000,80000,0.3,7860,True,5,7
1414,7,490,122,20.0,206000,80000,0.3,7860,True,5,7
1415,7,570,150,18.0,206000,80000,0.3,7860,False,5,7
1416,7,630,166,17.0,206000,80000,0.3,7860,False,5,7
1417,7,670,181,16.0,206000,80000,0.3,7860,False,5,7
1419,7,710,189,15.0,206000,80000,0.3,7860,False,4,7
1421,7,750,200,14.0,206000,80000,0.3,7860,False,5,7
1422,7,710,170,14.0,206000,80000,0.3,7860,False,5,7
1424,7,470,115,22.0,206000,80000,0.3,7860,True,5,7
1425,7,670,204,16.0,206000,80000,0.3,7860,False,5,7
1426,7,1500,32,6.0,206000,80000,0.3,7860,False,4,7
1427,7,780,229,14.0,206000,80000,0.3,7860,False,5,7
1428,7,830,235,13.0,206000,80000,0.3,7860,False,5,7
1429,7,880,231,12.0,206000,80000,0.3,7860,False,5,7
1430,7,880,256,12.0,206000,80000,0.3,7860,False,5,7
1431,7,880,249,12.0,206000,80000,0.3,7860,False,5,7
1432,7,980,255,9.0,206000,80000,0.3,7860,False,7,7
1433,7,1200,277,7.0,206000,80000,0.3,7860,False,7,7
1434,7,1370,16,6.0,206000,80000,0.3,7860,False,4,7
1435,7,440,105,24.0,206000,80000,0.3,7860,True,5,7
1436,7,450,118,20.0,206000,80000,0.3,7860,True,5,7
1437,7,780,231,14.0,206000,80000,0.3,7860,False,5,7
1438,7,880,255,12.0,206000,80000,0.3,7860,False,5,7
1439,7,980,267,11.0,206000,80000,0.3,7860,False,4,7
1440,7,980,273,11.0,206000,80000,0.3,7860,False,7,7
1441,7,1320,12,7.0,206000,80000,0.3,7860,False,4,7
1442,7,900,257,13.0,206000,80000,0.3,7860,False,4,7
1443,7,1030,272,10.0,206000,80000,0.3,7860,False,4,7
1445,7,1100,271,9.0,206000,80000,0.3,7860,False,7,7
1446,7,1200,277,8.0,206000,80000,0.3,7860,False,7,7
1447,7,1030,277,12.0,206000,80000,0.3,7860,False,4,7
1448,7,420,86,20.0,206000,80000,0.3,7860,False,5,7
1449,7,630,184,16.0,206000,80000,0.3,7860,False,5,7
1450,7,730,214,14.0,206000,80000,0.3,7860,False,5,7
1451,7,830,238,11.0,206000,80000,0.3,7860,False,5,7
1452,7,440,96,18.0,206000,80000,0.3,7860,False,5,7
1453,7,440,93,24.0,206000,80000,0.3,7860,False,5,7
1454,7,900,255,14.0,206000,80000,0.3,7860,False,5,7
1456,7,590,170,16.0,206000,80000,0.3,7860,False,5,7
1457,7,1000,271,7.0,206000,80000,0.3,7860,False,5,7
1458,7,510,73,45.0,206000,80000,0.3,7860,False,5,7
1459,7,510,77,40.0,206000,80000,0.3,7860,False,5,7
1461,7,450,68,45.0,206000,80000,0.3,7860,False,5,7
1462,7,540,93,30.0,206000,80000,0.3,7860,False,5,7
1463,7,590,93,30.0,206000,80000,0.3,7860,False,5,7
1468,7,530,77,45.0,206000,80000,0.3,7860,False,5,7
1469,7,490,83,40.0,206000,80000,0.3,7860,False,5,7
1470,7,470,69,45.0,206000,80000,0.3,7860,False,5,7
1471,7,480,73,45.0,206000,80000,0.3,7860,False,5,7
1473,7,950,231,8.0,206000,80000,0.3,7860,False,5,7
1474,7,150,43,16.0,85000,34000,0.25,7160,False,5,4
1475,7,200,75,16.0,85000,34000,0.25,7160,False,5,4
1476,7,250,98,16.0,85000,34000,0.25,7160,False,5,4
1477,7,300,120,16.0,85000,34000,0.25,7160,False,5,4
1478,7,350,143,16.0,85000,34000,0.25,7160,False,5,4
1479,7,500,129,16.0,169000,70000,0.2,7160,False,5,4
1480,7,600,152,16.0,169000,70000,0.2,7160,False,5,4
1481,7,700,175,16.0,169000,70000,0.2,7160,False,5,4
1482,7,800,196,16.0,169000,70000,0.2,7160,False,5,4
1483,7,400,67,4.0,160000,64000,0.27,7160,False,5,4
1484,7,500,101,4.0,160000,64000,0.27,7160,False,5,4
1485,6,460,156,8.0,206000,80000,0.3,7860,True,5,7
1486,6,360,73,26.0,206000,80000,0.3,7860,False,5,7
1487,6,440,122,20.0,206000,80000,0.3,7860,True,5,7
1488,6,340,63,35.0,206000,80000,0.3,7860,False,5,7
1489,6,470,146,20.0,206000,80000,0.3,7860,True,5,7
1490,6,400,92,16.0,206000,80000,0.3,7860,False,5,7
1491,6,490,106,19.0,206000,80000,0.3,7860,True,5,7
1492,6,520,135,19.0,206000,80000,0.3,7860,False,5,7
1494,6,510,131,20.0,206000,80000,0.3,7860,False,5,7
1495,6,620,189,12.0,206000,80000,0.3,7860,False,5,7
1496,6,570,187,20.0,206000,80000,0.3,7860,False,5,7
1497,6,420,120,16.0,206000,80000,0.3,7860,True,5,7
1498,6,440,138,12.0,206000,80000,0.3,7860,True,5,7
1499,6,420,98,22.0,206000,80000,0.3,7860,False,5,7
1500,6,480,120,21.0,206000,80000,0.3,7860,True,5,7
1501,6,540,138,20.0,206000,80000,0.3,7860,False,5,7
1502,6,600,152,19.0,206000,80000,0.3,7860,False,5,7
1503,6,630,166,18.0,206000,80000,0.3,7860,False,5,7
1504,6,650,181,16.0,206000,80000,0.3,7860,False,5,7
1505,6,700,189,15.0,206000,80000,0.3,7860,False,5,7
1506,6,750,204,14.0,206000,80000,0.3,7860,False,5,7
1507,6,780,206,13.0,206000,80000,0.3,7860,False,5,7
1508,6,700,200,15.0,206000,80000,0.3,7860,False,5,7
1509,6,770,220,14.0,206000,80000,0.3,7860,False,5,7
1510,6,800,231,13.0,206000,80000,0.3,7860,False,5,7
1511,6,880,241,12.0,206000,80000,0.3,7860,False,5,7
1512,6,980,248,8.0,206000,80000,0.3,7860,False,5,7
1513,6,1226,8,9.0,206000,80000,0.3,7860,False,4,7
1514,6,830,237,13.0,206000,80000,0.3,7860,False,5,7
1515,6,880,245,12.0,206000,80000,0.3,7860,False,5,7
1516,6,930,260,11.0,206000,80000,0.3,7860,False,5,7
1517,6,860,248,12.0,206000,80000,0.3,7860,False,5,7
1518,6,1226,8,10.0,206000,80000,0.3,7860,False,5,7
1519,6,930,248,10.0,206000,80000,0.3,7860,False,5,7
1520,6,1100,271,9.0,206000,80000,0.3,7860,False,5,7
1521,6,1100,282,10.0,206000,80000,0.3,7860,False,5,7
1522,6,1200,1,9.0,206000,80000,0.3,7860,False,5,7
1523,6,588,163,25.0,206000,80000,0.3,7860,False,5,7
1524,6,412,64,20.0,206000,80000,0.3,7860,False,5,7
1525,6,539,140,25.0,206000,80000,0.3,7860,False,5,7
1526,6,637,185,20.0,206000,80000,0.3,7860,False,5,7
1527,6,735,213,12.0,206000,80000,0.3,7860,False,5,7
1528,6,430,77,22.0,206000,80000,0.3,7860,False,5,7
1529,6,785,227,15.0,206000,80000,0.3,7860,False,5,7
1530,6,520,77,40.0,206000,80000,0.3,7860,False,5,7
1533,6,480,63,40.0,206000,80000,0.3,7860,False,5,7
1537,6,930,249,15.0,206000,80000,0.3,7860,False,5,7
1538,6,560,77,40.0,206000,80000,0.3,7860,False,5,7
1539,6,590,77,40.0,206000,80000,0.3,7860,False,5,7
1540,6,880,219,8.0,206000,80000,0.3,7860,False,5,7
1541,6,150,43,16.0,85000,34000,0.25,7160,False,5,4
1542,6,200,75,16.0,85000,34000,0.25,7160,False,5,4
1543,6,250,98,16.0,85000,34000,0.25,7160,False,5,4
1544,6,300,120,16.0,85000,34000,0.25,7160,False,5,4
1545,6,350,143,16.0,85000,34000,0.25,7160,False,5,4
1546,6,500,129,16.0,169000,70000,0.2,7160,False,5,4
1547,6,600,152,16.0,169000,70000,0.2,7160,False,5,4
1548,6,700,175,16.0,169000,70000,0.2,7160,False,5,4
1549,6,800,196,16.0,169000,70000,0.2,7160,False,5,4
1550,6,400,67,4.0,160000,64000,0.27,7160,False,5,4
1551,6,500,101,4.0,160000,64000,0.27,7160,False,5,4
